title,release,authors,publishers,url
모두의 네트워크 기초,2024.01,서지영,길벗,https://www.aladin.co.kr/shop/wproduct.aspx?ItemId=333154296
코딩수학동화 팜 2 : 도형 농장,2024.01,홍지연,길벗,https://www.aladin.co.kr/shop/wproduct.aspx?ItemId=332789111
포토샵 + 일러스트레이터 CC 2024 무작정 따라하기,2024.01,민지영&&문수민&&앤미디어,길벗,https://www.aladin.co.kr/shop/wproduct.aspx?ItemId=332531022
비전공자 디자이너로 살아남기,2024.01,이응삼이,길벗,https://www.aladin.co.kr/shop/wproduct.aspx?ItemId=331878361
만화 경제 상식사전,2024.01,조립식,길벗,https://www.aladin.co.kr/shop/wproduct.aspx?ItemId=330611710
2024 시나공 정보처리기사 실기 기출문제집,2024.01,길벗 R&D&&강윤석&&김용갑&&김우경&&김종일,길벗,https://www.aladin.co.kr/shop/wproduct.aspx?ItemId=332502205
아는 만큼 보이는 백엔드 개발,2024.01,정우현&&이인&&김보인,길벗,https://www.aladin.co.kr/shop/wproduct.aspx?ItemId=332036567
얼 나이팅게일 위대한 성공의 시작,2024.01,얼 나이팅게일,길벗,https://www.aladin.co.kr/shop/wproduct.aspx?ItemId=331513108
2024 시나공 퀵이지 정보처리기사 필기 단기완성,2024.01,길벗 R&D,길벗,https://www.aladin.co.kr/shop/wproduct.aspx?ItemId=331637948
2024 시나공 컴퓨터활용능력 1급 실기 기출문제집,2024.01,길벗 R&D&&강윤석&&김우경&&김용갑&&김종일,길벗,https://www.aladin.co.kr/shop/wproduct.aspx?ItemId=330508637
2024 시나공 기출문제집 컴퓨터활용능력 2급 실기,2024.01,길벗 R&D&&강윤석&&김용갑&&김우경&&김종일,길벗,https://www.aladin.co.kr/shop/wproduct.aspx?ItemId=330504834
[세트] 얼 나이팅게일 위대한 성공의 시작 + 도구 - 전2권,2024.02,얼 나이팅게일,길벗,https://www.aladin.co.kr/shop/wproduct.aspx?ItemId=335208223
얼 나이팅게일 위대한 성공의 도구,2024.02,얼 나이팅게일,길벗,https://www.aladin.co.kr/shop/wproduct.aspx?ItemId=335110214
랭체인으로 LLM 기반의 AI 서비스 개발하기,2024.02,서지영,길벗,https://www.aladin.co.kr/shop/wproduct.aspx?ItemId=334932441
채권 투자 무작정 따라하기,2024.02,서준식&&양진영&&서지혜,길벗,https://www.aladin.co.kr/shop/wproduct.aspx?ItemId=334035807
개발자가 영어도 잘해야 하나요?,2024.02,최희철,길벗,https://www.aladin.co.kr/shop/wproduct.aspx?ItemId=333738483
코딩 자율학습 제로초의 자바스크립트 입문,2024.02,조현영,길벗,https://www.aladin.co.kr/shop/wproduct.aspx?ItemId=333718223
개정판 시나공 ITQ OA Master (엑셀 & 파워포인트 2016 + 한글 2020 사용자용),2024.02,길벗 R&D&&강윤석&&김용갑&&김우경&&김종일,길벗,https://www.aladin.co.kr/shop/wproduct.aspx?ItemId=334417152
개정판 시나공 GTQ 포토샵 1급 ver.CC (CS4/CS6 한글·영문 공용),2024.02,길벗 R&D&&강윤석&&김용갑&&김우경&&김종일,길벗,https://www.aladin.co.kr/shop/wproduct.aspx?ItemId=333984355
개정판 시나공 GTQ 포토샵 2급 ver.CC (CS4/CS6 한글·영문 공용),2024.02,길벗 R&D&&강윤석&&김용갑&&김우경&&김종일,길벗,https://www.aladin.co.kr/shop/wproduct.aspx?ItemId=333984309
최소한의 데이터 리터러시,2024.02,송석리&&황수빈&&이정윤&&정유진,길벗,https://www.aladin.co.kr/shop/wproduct.aspx?ItemId=334131360
시나공 사무자동화산업기사 실기 기본서 (오피스2021/2016/2010공용),2024.02,길벗 R&D&&김정준&&강윤석&&김용갑&&김우경,길벗,https://www.aladin.co.kr/shop/wproduct.aspx?ItemId=333456066
2024 시나공 정보처리기능사 실기 기본서,2024.02,길벗 R&D&&강윤석&&김용갑&&김우경&&김종일&&김유홍,길벗,https://www.aladin.co.kr/shop/wproduct.aspx?ItemId=333275284
초등학생을 위한 파워포인트 무작정 따라하기,2024.02,이상권&&권동균,길벗,https://www.aladin.co.kr/shop/wproduct.aspx?ItemId=332898381
2024 시나공 정보처리산업기사 실기 기본서,2024.02,강윤석&&김용갑&&김우경&&김종일&&길벗 R&D,길벗,https://www.aladin.co.kr/shop/wproduct.aspx?ItemId=333276418
2024 시나공 정보처리기사 실기 기본서,2024.02,길벗 R&D&&김정준&&강윤석&&김용갑&&김우경,길벗,https://www.aladin.co.kr/shop/wproduct.aspx?ItemId=333275176
디지털 새내기를 블로그 무작정 따라하기,2024.02,곽은지,길벗,https://www.aladin.co.kr/shop/wproduct.aspx?ItemId=332899222
무작정 따라하기 홋카이도 (삿포로·오타루·비에이·후라노·하코다테),2024.03,홍수연&&홍연주,길벗,https://www.aladin.co.kr/shop/wproduct.aspx?ItemId=336586744
똑똑한 뇌는 어떻게 만들어지는가,2024.03,다키 야스유키&&고 가즈키,길벗,https://www.aladin.co.kr/shop/wproduct.aspx?ItemId=336452196
무작정 따라하기 파리,2024.03,오유나,길벗,https://www.aladin.co.kr/shop/wproduct.aspx?ItemId=336666170
읽기 쉬운 코드,2024.03,마크 시먼,길벗,https://www.aladin.co.kr/shop/wproduct.aspx?ItemId=336579613
글로벌 UX 연구원은 이렇게 일합니다,2024.03,박수현&&김예림,길벗,https://www.aladin.co.kr/shop/wproduct.aspx?ItemId=336705716
읽고 나면 진짜 쉬워지는 자료 구조,2024.03,제레미 쿠비카,길벗,https://www.aladin.co.kr/shop/wproduct.aspx?ItemId=336056898
2024 시나공 퀵이지 컴퓨터활용능력 2급 필기 + 실기 통합본 단기완성,2024.03,길벗 R&D&&강윤석&&김용갑&&김우경&&김종일,길벗,https://www.aladin.co.kr/shop/wproduct.aspx?ItemId=336179240
2024 시나공 퀵이지 컴퓨터활용능력 1급 필기 + 실기 통합본 단기완성,2024.03,길벗 R&D&&강윤석&&김용갑&&김우경&&김종일,길벗,https://www.aladin.co.kr/shop/wproduct.aspx?ItemId=336178687
"엑셀마왕의 엑셀 이럴 땐, 이렇게!",2024.03,엑셀마왕(임규범),길벗,https://www.aladin.co.kr/shop/wproduct.aspx?ItemId=335859169
"지금은, 일본 소도시 여행",2024.03,두경아,길벗,https://www.aladin.co.kr/shop/wproduct.aspx?ItemId=335257848
컴퓨터 밑바닥의 비밀,2024.03,루 샤오펑,길벗,https://www.aladin.co.kr/shop/wproduct.aspx?ItemId=335644868
회사에서 이커머스를 시작합니다,2024.01,한이룸,디지털북스,https://www.aladin.co.kr/shop/wproduct.aspx?ItemId=332132487
드레스 드로잉,2024.01,헤라,디지털북스,https://www.aladin.co.kr/shop/wproduct.aspx?ItemId=332026938
돈 버는 유튜브 AI 크리에이터,2024.02,이종석(잡부A)&&김형우(비제),디지털북스,https://www.aladin.co.kr/shop/wproduct.aspx?ItemId=333998986
표정의 심리학,2024.04,디르크 아일러트,미래의창,https://www.aladin.co.kr/shop/wproduct.aspx?ItemId=337353670
"현장 밀착, 피그마로 협업하기",2024.01,루미블루,비제이퍼블릭,https://www.aladin.co.kr/shop/wproduct.aspx?ItemId=332336785
사장님 몰래하는 파이썬 업무 자동화,2024.01,정용범&&손상우,비제이퍼블릭,https://www.aladin.co.kr/shop/wproduct.aspx?ItemId=331485030
노션 덕후의 놀라운 꿀팁 아카이브,2024.02,전소라,비제이퍼블릭,https://www.aladin.co.kr/shop/wproduct.aspx?ItemId=333725408
데이터 과학자의 가설 사고,2024.02,고추 다이스케&&가와치 아키오&&고노 슌스케&&스즈키 가이리&&나가키 사키&&나카노 준이치,비제이퍼블릭,https://www.aladin.co.kr/shop/wproduct.aspx?ItemId=333018576
"스마트 홈, 불 좀 꺼줘",2024.02,박정운,비제이퍼블릭,https://www.aladin.co.kr/shop/wproduct.aspx?ItemId=333014058
콘텐츠가 돋보이는 SNS 디자인 with 미리캔버스,2024.03,김유선,비제이퍼블릭,https://www.aladin.co.kr/shop/wproduct.aspx?ItemId=337003579
창작자를 위한 옵시디언 마스터북,2024.03,조지훈,비제이퍼블릭,https://www.aladin.co.kr/shop/wproduct.aspx?ItemId=336290031
자바스크립트,2024.01,곽문기,생능북스,https://www.aladin.co.kr/shop/wproduct.aspx?ItemId=332595938
IT 세계의 괴물들,2024.01,아무준수,생능북스,https://www.aladin.co.kr/shop/wproduct.aspx?ItemId=329934326
UFO,2024.02,맹성렬,생능북스,https://www.aladin.co.kr/shop/wproduct.aspx?ItemId=334642427
딥테크 스타트업,2024.02,박종구,생능북스,https://www.aladin.co.kr/shop/wproduct.aspx?ItemId=334205647
수능독해,2024.02,김지애&&이제종&&황현목&&반병현,생능북스,https://www.aladin.co.kr/shop/wproduct.aspx?ItemId=332992575
코파일럿,2024.03,반병현,생능북스,https://www.aladin.co.kr/shop/wproduct.aspx?ItemId=336213415
영재고 준비하는 아이는 이렇게 공부합니다,2024.04,하우영,생능북스,https://www.aladin.co.kr/shop/wproduct.aspx?ItemId=336437800
에잇 블록 협상 모델,2024.01,오명호&&김양수,애드앤미디어,https://www.aladin.co.kr/shop/wproduct.aspx?ItemId=330725742
모모와 다큰 왕자,2024.03,엄혜선,애드앤미디어,https://www.aladin.co.kr/shop/wproduct.aspx?ItemId=334928723
소프트웨어 성능의 이해,2024.01,리처드 사이트,에이콘,https://www.aladin.co.kr/shop/wproduct.aspx?ItemId=332466522
급진적 협업 기업,2024.01,매트 파커,에이콘,https://www.aladin.co.kr/shop/wproduct.aspx?ItemId=332463361
쿠버네티스로 구현하는 머신러닝,2024.01,파이살 마수드&&로스 브리골리,에이콘,https://www.aladin.co.kr/shop/wproduct.aspx?ItemId=332107168
Pro Go,2024.01,애덤 프리먼,에이콘,https://www.aladin.co.kr/shop/wproduct.aspx?ItemId=331924879
R을 활용한 머신러닝 4/e,2024.01,브레트 란츠,에이콘,https://www.aladin.co.kr/shop/wproduct.aspx?ItemId=331968772
해커의 심리,2024.01,브루스 슈나이어,에이콘,https://www.aladin.co.kr/shop/wproduct.aspx?ItemId=331632491
예제로 배우는 Argo CD,2024.02,리비우 코스테아&&스피로스 이코노마키스,에이콘,https://www.aladin.co.kr/shop/wproduct.aspx?ItemId=334140974
코틀린 코루틴의 정석,2024.02,조세영,에이콘,https://www.aladin.co.kr/shop/wproduct.aspx?ItemId=334132676
언리얼 엔진 5로 제작하는 실시간 VFX,2024.02,흐리시케쉬 안두를레카,에이콘,https://www.aladin.co.kr/shop/wproduct.aspx?ItemId=333661374
알고리듬으로 생각하기,2024.02,다니엘 진가로,에이콘,https://www.aladin.co.kr/shop/wproduct.aspx?ItemId=333452348
레디 플레이어 투,2024.02,어니스트 클라인,에이콘,https://www.aladin.co.kr/shop/wproduct.aspx?ItemId=333419503
함수형 프로그래밍,2024.02,잭 위드먼,에이콘,https://www.aladin.co.kr/shop/wproduct.aspx?ItemId=332995336
LangChain으로 구현하는 LLM,2024.03,벤 아우파스,에이콘,https://www.aladin.co.kr/shop/wproduct.aspx?ItemId=336278372
스프링 부트 JPA 모범 사례,2024.03,안겔 레오나르드,에이콘,https://www.aladin.co.kr/shop/wproduct.aspx?ItemId=336142260
API 보안 인 액션,2024.03,닐 매든,에이콘,https://www.aladin.co.kr/shop/wproduct.aspx?ItemId=335786057
디지털 트윈 구축과 배포,2024.03,시암 바란 나트&&피터 반 샬크윅,에이콘,https://www.aladin.co.kr/shop/wproduct.aspx?ItemId=335871841
인베스트먼트 언리미티드,2024.03,헬렌 비얼&&빌 벤싱&&제이슨 콕스&&마이클 에덴존&&타파브라타 팔&&캘럽 퀴어른&&존 레쇼타르스키&&안드레스 베가&&존 윌리스,에이콘,https://www.aladin.co.kr/shop/wproduct.aspx?ItemId=335753517
젠킨스로 배우는 CI/CD 파이프라인 구축,2024.03,프라노데이 프라모드 딩가레,에이콘,https://www.aladin.co.kr/shop/wproduct.aspx?ItemId=335107921
AWS 마이크로서비스 보안,2024.03,고라브 라제,에이콘,https://www.aladin.co.kr/shop/wproduct.aspx?ItemId=333772399
ISMS-P 인증 실무 가이드 3/e,2024.04,연수권&&신동혁&&박나룡,에이콘,https://www.aladin.co.kr/shop/wproduct.aspx?ItemId=337070599
고양이 타타 3,2024.01,로로,영진닷컴,https://www.aladin.co.kr/shop/wproduct.aspx?ItemId=335111538
고양이 타타 2,2024.01,로로,영진닷컴,https://www.aladin.co.kr/shop/wproduct.aspx?ItemId=335111464
고양이 타타 1,2024.01,로로,영진닷컴,https://www.aladin.co.kr/shop/wproduct.aspx?ItemId=335111243
2024 이기적 컴퓨터활용능력 1급 필기 + 실기 상시 시험 공략집,2024.01,홍태성&&박윤정,영진닷컴,https://www.aladin.co.kr/shop/wproduct.aspx?ItemId=332725527
2024 이기적 SQL 개발자 이론서 + 기출문제,2024.01,임호진&&박종범&&임준혁,영진닷컴,https://www.aladin.co.kr/shop/wproduct.aspx?ItemId=332752731
2024 이기적 전산회계 2급 이론 + 실무 + 기출문제,2024.01,정창화,영진닷컴,https://www.aladin.co.kr/shop/wproduct.aspx?ItemId=332730100
2024 이기적 정보처리기사 실기 기본서,2024.01,강희영&&신면철,영진닷컴,https://www.aladin.co.kr/shop/wproduct.aspx?ItemId=332897764
죽기 전에 마셔봐야 할 101가지 위스키,2024.01,이안 벅스턴,영진닷컴,https://www.aladin.co.kr/shop/wproduct.aspx?ItemId=331959663
엄마는 괜찮을 줄 알았어,2024.01,지민아,영진닷컴,https://www.aladin.co.kr/shop/wproduct.aspx?ItemId=332370821
2024 이기적 컴퓨터활용능력 2급 필기 기출문제집,2024.01,영진정보연구소,영진닷컴,https://www.aladin.co.kr/shop/wproduct.aspx?ItemId=331992949
이기적 한국사능력검정시험 기본,2024.02,오윤슬,영진닷컴,https://www.aladin.co.kr/shop/wproduct.aspx?ItemId=335293273
2024 이기적 컴퓨터활용능력 2급 필기 + 실기 상시 시험 공략집,2024.02,홍태성&&박윤정,영진닷컴,https://www.aladin.co.kr/shop/wproduct.aspx?ItemId=334605946
마인크래프트 미니게임 만들기,2024.02,우마공 운영진(박상우&&박재온 외 2인),영진닷컴,https://www.aladin.co.kr/shop/wproduct.aspx?ItemId=334776483
2024 이기적 정보보안기사(산업기사) 실기 이론서 + 기출문제,2024.02,임호진,영진닷컴,https://www.aladin.co.kr/shop/wproduct.aspx?ItemId=335114059
2024 이기적 리눅스마스터 2급 기본서,2024.02,권소라,영진닷컴,https://www.aladin.co.kr/shop/wproduct.aspx?ItemId=334101201
모모부띠끄의 사계절 강아지 옷 만들기,2024.02,서성림,영진닷컴,https://www.aladin.co.kr/shop/wproduct.aspx?ItemId=334151733
2024 이기적 컴퓨터활용능력 2급 필기 절대족보,2024.02,홍태성&&영진정보연구소,영진닷컴,https://www.aladin.co.kr/shop/wproduct.aspx?ItemId=334066459
유령처럼 해킹하는 방법,2024.02,Sparc Flow,영진닷컴,https://www.aladin.co.kr/shop/wproduct.aspx?ItemId=334165136
누구나 쉽게 반 고흐 오일파스텔,2024.02,장희주,영진닷컴,https://www.aladin.co.kr/shop/wproduct.aspx?ItemId=333688311
2024 이기적 ITQ 엑셀 ver.2021 (스프링),2024.02,영진정보연구소,영진닷컴,https://www.aladin.co.kr/shop/wproduct.aspx?ItemId=333606848
매력적인 캐릭터를 그리는 방법,2024.02,카오류,영진닷컴,https://www.aladin.co.kr/shop/wproduct.aspx?ItemId=333379172
2024 이기적 떡제조기능사 필기+실기 환상의 콤비,2024.02,최경선,영진닷컴,https://www.aladin.co.kr/shop/wproduct.aspx?ItemId=333419703
2024 이기적 컴퓨터활용능력 1급 필기 절대족보,2024.02,홍태성&&영진정보연구소,영진닷컴,https://www.aladin.co.kr/shop/wproduct.aspx?ItemId=333379881
2024 이기적 ITQ 엑셀 ver.2021,2024.02,영진정보연구소,영진닷컴,https://www.aladin.co.kr/shop/wproduct.aspx?ItemId=333380398
2024 이기적 정보처리산업기사 실기 기본서,2024.02,고소현&&한진만,영진닷컴,https://www.aladin.co.kr/shop/wproduct.aspx?ItemId=333695060
2024 이기적 중식/일식조리기능사 실기 기본서,2024.02,최경선,영진닷컴,https://www.aladin.co.kr/shop/wproduct.aspx?ItemId=333380755
2024 이기적 정보처리기사 필기 기출문제 1200제 + 핵심마인드맵,2024.02,신면철&&강희영,영진닷컴,https://www.aladin.co.kr/shop/wproduct.aspx?ItemId=333379969
2024 이기적 정보보안기사(산업기사) 필기 이론서 + 기출문제,2024.02,임호진,영진닷컴,https://www.aladin.co.kr/shop/wproduct.aspx?ItemId=333237226
그림으로 배우는 네트워크 프로토콜,2024.02,가와시마 타쿠로,영진닷컴,https://www.aladin.co.kr/shop/wproduct.aspx?ItemId=332965203
2024 이기적 한식조리기능사 실기 기본서,2024.02,최경선,영진닷컴,https://www.aladin.co.kr/shop/wproduct.aspx?ItemId=335842328
2024 이기적 양식조리기능사 실기 기본서,2024.02,최희경,영진닷컴,https://www.aladin.co.kr/shop/wproduct.aspx?ItemId=333158227
2024 이기적 SQL 개발자 기출문제 500제 + 핵심 마인드맵,2024.02,임호진&&박종범&&임준혁,영진닷컴,https://www.aladin.co.kr/shop/wproduct.aspx?ItemId=332896455
유미의 세포들 컬러링북,2024.03,이동건,영진닷컴,https://www.aladin.co.kr/shop/wproduct.aspx?ItemId=336983382
마인크래프트 건축 아이디어 북,2024.03,Mojang AB,영진닷컴,https://www.aladin.co.kr/shop/wproduct.aspx?ItemId=336236988
이기적 바리스타 2급 필기 기본서,2024.03,임형준,영진닷컴,https://www.aladin.co.kr/shop/wproduct.aspx?ItemId=335849579
2024 이기적 ITQ 파워포인트 ver.2021 (스프링),2024.03,영진정보연구소,영진닷컴,https://www.aladin.co.kr/shop/wproduct.aspx?ItemId=336210264
메이커 다은쌤의 틴커캐드 3D 모델링과 심랩 Tinkercad Sim Lab,2024.03,전다은,영진닷컴,https://www.aladin.co.kr/shop/wproduct.aspx?ItemId=336054511
이기적 경영정보시각화능력 필기 기본서,2024.03,인천대학교 비즈니스데이터센터&&경기대 빅데이터 시각화 연구실&&이베로니카,영진닷컴,https://www.aladin.co.kr/shop/wproduct.aspx?ItemId=335852503
2024 이기적 ITQ 파워포인트 ver.2021,2024.03,영진정보연구소,영진닷컴,https://www.aladin.co.kr/shop/wproduct.aspx?ItemId=336014076
2024 이기적 웹디자인기능사 실기 기본서,2024.03,윤미선&&김지원&&김윤호,영진닷컴,https://www.aladin.co.kr/shop/wproduct.aspx?ItemId=335844812
2024 이기적 사무자동화산업기사 실기 기본서,2024.03,신면철,영진닷컴,https://www.aladin.co.kr/shop/wproduct.aspx?ItemId=335842630
배색 디자인 북,2024.03,오비 요헤이,영진닷컴,https://www.aladin.co.kr/shop/wproduct.aspx?ItemId=335277460
2024 이기적 전산회계 1급 이론 + 실무 + 기출문제,2024.03,정창화,영진닷컴,https://www.aladin.co.kr/shop/wproduct.aspx?ItemId=335655352
2024 이기적 리눅스마스터 1급 기본서,2024.03,김윤수&&최정현,영진닷컴,https://www.aladin.co.kr/shop/wproduct.aspx?ItemId=335114592
예제로 배우는 Django 4,2024.03,안토니오 멜레,영진닷컴,https://www.aladin.co.kr/shop/wproduct.aspx?ItemId=334779292
2024 이기적 제과·제빵기능사 필기+실기 환상의 콤비(산업기사 포함),2024.03,우경수&&임상희&&고진선&&오병호&&이동철,영진닷컴,https://www.aladin.co.kr/shop/wproduct.aspx?ItemId=335277789
포토샵 & 일러스트레이터 100가지 디자인 테크닉,2024.04,쿠스타 사토시,영진닷컴,https://www.aladin.co.kr/shop/wproduct.aspx?ItemId=337080579
저주받은 미술관,2024.04,나카노 교코,영진닷컴,https://www.aladin.co.kr/shop/wproduct.aspx?ItemId=337011319
세균무기가 알려주는 서비스 기획의 모든 것,2024.01,세균무기,위키북스,https://www.aladin.co.kr/shop/wproduct.aspx?ItemId=331620385
이지패스 2024 ADsP 데이터분석 준전문가 (수험서 앱 제공),2024.01,전용문&&박현민,위키북스,https://www.aladin.co.kr/shop/wproduct.aspx?ItemId=331491379
실전! 프로젝트로 배우는 딥러닝 컴퓨터비전,2024.01,김혜진&&왕진영,위키북스,https://www.aladin.co.kr/shop/wproduct.aspx?ItemId=331447531
모두를 위한 컴퓨터와 프로그래밍 지식,2024.01,이연우&&양기철,위키북스,https://www.aladin.co.kr/shop/wproduct.aspx?ItemId=330860837
전문가가 알려주는 웹 퍼포먼스 튜닝,2024.01,후지와라 슌이치로&&바바 토시아키&&나카니시 켄토&&나가노 마사히로&&카네코 타츠야&&쿠사노 쇼,위키북스,https://www.aladin.co.kr/shop/wproduct.aspx?ItemId=330849494
모험의 서,2024.02,손태장,위키북스,https://www.aladin.co.kr/shop/wproduct.aspx?ItemId=335291001
실전! 러스트로 배우는 리눅스 커널 프로그래밍,2024.02,김백기&&우충기,위키북스,https://www.aladin.co.kr/shop/wproduct.aspx?ItemId=334200974
랭체인 완벽 입문,2024.02,타무라 하루카,위키북스,https://www.aladin.co.kr/shop/wproduct.aspx?ItemId=333694850
자바 퍼시스턴스 프로그래밍 완벽 가이드,2024.02,커틀린 투도세,위키북스,https://www.aladin.co.kr/shop/wproduct.aspx?ItemId=333600610
리액트 훅을 활용한 마이크로 상태 관리,2024.02,다이시 카토,위키북스,https://www.aladin.co.kr/shop/wproduct.aspx?ItemId=333599370
생성형 AI 업무 혁신,2024.02,박찬규&&윤가희,위키북스,https://www.aladin.co.kr/shop/wproduct.aspx?ItemId=333339893
만들면서 배우는 블렌더 3D 입문,2024.03,토모,위키북스,https://www.aladin.co.kr/shop/wproduct.aspx?ItemId=336593924
모던 그로스 마케팅,2024.03,최지연&&조은태,위키북스,https://www.aladin.co.kr/shop/wproduct.aspx?ItemId=336228921
도메인 스토리텔링,2024.03,스테판 호퍼&&헤닝 슈벤트너,위키북스,https://www.aladin.co.kr/shop/wproduct.aspx?ItemId=335716939
돌파매매 전략,2024.01,systrader79(이우근)&&김대현,이레미디어,https://www.aladin.co.kr/shop/wproduct.aspx?ItemId=330658133
현명한 반도체 투자,2024.01,우황제,이레미디어,https://www.aladin.co.kr/shop/wproduct.aspx?ItemId=330837578
반도체 제국의 미래,2024.02,정인성,이레미디어,https://www.aladin.co.kr/shop/wproduct.aspx?ItemId=332130816
미국주식 처음공부,2024.02,수미숨(상의민)&&애나정,이레미디어,https://www.aladin.co.kr/shop/wproduct.aspx?ItemId=331896029
나는 엔화로 미국 시장에 투자한다,2024.02,부자소시민,이레미디어,https://www.aladin.co.kr/shop/wproduct.aspx?ItemId=330631570
엘리어트 파동이론,2024.03,R. N. 엘리어트,이레미디어,https://www.aladin.co.kr/shop/wproduct.aspx?ItemId=335356766
본드 킹,2024.03,메리 차일즈,이레미디어,https://www.aladin.co.kr/shop/wproduct.aspx?ItemId=334151869
데이 트레이딩 & 스윙 트레이딩 전략 (리커버판),2024.03,캐시 리엔,이레미디어,https://www.aladin.co.kr/shop/wproduct.aspx?ItemId=334669444
어느 주식투자자의 회상,2024.03,에드윈 르페브르,이레미디어,https://www.aladin.co.kr/shop/wproduct.aspx?ItemId=333428000
와이코프 패턴,2024.04,데이비드 와이스,이레미디어,https://www.aladin.co.kr/shop/wproduct.aspx?ItemId=336880723
시장을 이긴 16인의 승부사에게 배우는 진입과 청산 전략,2024.04,알렉산더 엘더,이레미디어,https://www.aladin.co.kr/shop/wproduct.aspx?ItemId=336700759
미국 배당주 투자,2024.04,버핏타로,이레미디어,https://www.aladin.co.kr/shop/wproduct.aspx?ItemId=336208669
Do it! 일상이 자동화되는 파이썬 생활 프로그래밍 with 챗GPT,2024.01,김창현,이지스퍼블리싱,https://www.aladin.co.kr/shop/wproduct.aspx?ItemId=332949018
된다! 하루 만에 끝내는 챗GPT 활용법,2024.01,프롬프트 크리에이터,이지스퍼블리싱,https://www.aladin.co.kr/shop/wproduct.aspx?ItemId=332035546
Do it! 시뮬레이터 + 키트로 완성하는 아두이노 입문,2024.01,박필준,이지스퍼블리싱,https://www.aladin.co.kr/shop/wproduct.aspx?ItemId=332441079
Do it! 웹 사이트 기획 입문,2024.01,이정원,이지스퍼블리싱,https://www.aladin.co.kr/shop/wproduct.aspx?ItemId=331643324
된다! 맥북 & 아이맥 : 맥OS 소노마 판,2024.01,쌤쌤티비&&케이트,이지스퍼블리싱,https://www.aladin.co.kr/shop/wproduct.aspx?ItemId=330855819
Do it! 웹 디자인 교과서,2024.02,정경희,이지스퍼블리싱,https://www.aladin.co.kr/shop/wproduct.aspx?ItemId=335130208
된다! 미드저니,2024.02,킵콴(윤석관),이지스퍼블리싱,https://www.aladin.co.kr/shop/wproduct.aspx?ItemId=333783327
Do it! 리액트로 웹앱 만들기 with 타입스크립트,2024.03,전예홍,이지스퍼블리싱,https://www.aladin.co.kr/shop/wproduct.aspx?ItemId=336533269
Do it! C++ 완전 정복,2024.03,조규남&&문종채,이지스퍼블리싱,https://www.aladin.co.kr/shop/wproduct.aspx?ItemId=336669939
된다! 네이버 블로그 상위 노출,2024.03,황윤정,이지스퍼블리싱,https://www.aladin.co.kr/shop/wproduct.aspx?ItemId=335744139
된다! 톡써니의 아이패드 24시간 활용법,2024.03,홍정희,이지스퍼블리싱,https://www.aladin.co.kr/shop/wproduct.aspx?ItemId=335760150
된다! 김메주의 유튜브 채널&영상 만들기,2024.04,김혜주,이지스퍼블리싱,https://www.aladin.co.kr/shop/wproduct.aspx?ItemId=337049980
일 잘하는 팀장,2024.04,이재호,이지스퍼블리싱,https://www.aladin.co.kr/shop/wproduct.aspx?ItemId=337050829
Do it! MySQL로 배우는 SQL 입문,2024.04,강성욱,이지스퍼블리싱,https://www.aladin.co.kr/shop/wproduct.aspx?ItemId=337105499
논리적 사고를 기르는 알고리즘 수업,2024.01,롤랜드 백하우스,인사이트,https://www.aladin.co.kr/shop/wproduct.aspx?ItemId=332457329
UI 시스템 블랙북,2024.01,박춘언,인사이트,https://www.aladin.co.kr/shop/wproduct.aspx?ItemId=331081225
사용자를 읽는 법 UX 리서치 플레이북,2024.01,백원희,인사이트,https://www.aladin.co.kr/shop/wproduct.aspx?ItemId=330835165
가상 면접 사례로 배우는 대규모 시스템 설계 기초 2,2024.01,알렉스 쉬&&산 람,인사이트,https://www.aladin.co.kr/shop/wproduct.aspx?ItemId=330404121
가상 면접 사례로 배우는 머신러닝 시스템 설계 기초,2024.02,알리 아미니안&&알렉스 쉬,인사이트,https://www.aladin.co.kr/shop/wproduct.aspx?ItemId=333751539
짜릿짜릿 전자부품 백과사전 2,2024.02,찰스 플랫,인사이트,https://www.aladin.co.kr/shop/wproduct.aspx?ItemId=333308247
카와이 센세의 인물 쉽게 그리는 방법,2024.01,카와이 센세,정보문화사,https://www.aladin.co.kr/shop/wproduct.aspx?ItemId=332559327
가장 쉬운 자동화 수익 프로그램 만들기,2024.01,조민채,정보문화사,https://www.aladin.co.kr/shop/wproduct.aspx?ItemId=330726634
기초부터 배우는 웹 개발 리터러시,2024.02,마스이 토시카츠,정보문화사,https://www.aladin.co.kr/shop/wproduct.aspx?ItemId=335113152
배경이 있는 캐릭터 일러스트 그리는 방법,2024.02,우타보,정보문화사,https://www.aladin.co.kr/shop/wproduct.aspx?ItemId=334199264
투명 수채화로 소녀 일러스트 그리는 방법,2024.03,유코 린,정보문화사,https://www.aladin.co.kr/shop/wproduct.aspx?ItemId=336581481
혼란유발자들,2024.01,맥스 피셔,제이펍,https://www.aladin.co.kr/shop/wproduct.aspx?ItemId=331101879
사이버 보안의 공격과 방어,2024.01,댄 보저스,제이펍,https://www.aladin.co.kr/shop/wproduct.aspx?ItemId=330758915
당신과 함께 나이 들고 싶어요,2024.01,봄사무소,제이펍,https://www.aladin.co.kr/shop/wproduct.aspx?ItemId=330369870
머신러닝 시스템 구축 실전 가이드,2024.01,시부이 유스케,제이펍,https://www.aladin.co.kr/shop/wproduct.aspx?ItemId=330489808
숏폼으로 성공하는 마케팅 원칙 100,2024.01,아카시 가쿠토,제이펍,https://www.aladin.co.kr/shop/wproduct.aspx?ItemId=329706866
실무에 바로 쓰는 일잘러의 협업 도구 컨설팅,2024.01,전시진,제이펍,https://www.aladin.co.kr/shop/wproduct.aspx?ItemId=329577273
프런트엔드 개발을 위한 보안 입문,2024.01,히라노 마사시,제이펍,https://www.aladin.co.kr/shop/wproduct.aspx?ItemId=330496897
내 맘대로 그리는 캐릭터 이모티콘 with 프로크리에이트,2024.01,지렁(이지원),제이펍,https://www.aladin.co.kr/shop/wproduct.aspx?ItemId=329715764
누구나 할 수 있는 유튜브 돈 벌기 첫걸음,2024.02,유튜브신쌤(신동건),제이펍,https://www.aladin.co.kr/shop/wproduct.aspx?ItemId=334643048
러스트 프로그래밍 공식 가이드,2024.02,스티브 클라브닉&&캐럴 니컬스,제이펍,https://www.aladin.co.kr/shop/wproduct.aspx?ItemId=333610513
제로부터 시작하는 러스트 백엔드 프로그래밍,2024.02,루카 팔미에리,제이펍,https://www.aladin.co.kr/shop/wproduct.aspx?ItemId=333308133
"키워드로 완성하는 AI 아트 테크닉 with 미드저니, 니지저니",2024.02,권경열,제이펍,https://www.aladin.co.kr/shop/wproduct.aspx?ItemId=333380491
Go 언어로 배우는 웹 애플리케이션 개발,2024.02,시미즈 요이치로,제이펍,https://www.aladin.co.kr/shop/wproduct.aspx?ItemId=332503632
"코딩도 하고, 사장도 합니다",2024.02,한수봉,제이펍,https://www.aladin.co.kr/shop/wproduct.aspx?ItemId=332763513
클라우드 네이티브 스프링 인 액션,2024.03,토마스 비탈레,제이펍,https://www.aladin.co.kr/shop/wproduct.aspx?ItemId=336279217
고도 엔진 4 게임 개발 프로젝트,2024.03,크리스 브래드필드,제이펍,https://www.aladin.co.kr/shop/wproduct.aspx?ItemId=335788790
데이터 분석을 위한 줄리아,2024.03,보구밀 카민스키,제이펍,https://www.aladin.co.kr/shop/wproduct.aspx?ItemId=335785532
소프트웨어 요구사항의 정수,2024.03,칼 위거스&&캔디스 호캔슨,제이펍,https://www.aladin.co.kr/shop/wproduct.aspx?ItemId=335690292
소프트웨어 개발의 진주,2024.03,칼 위거스,제이펍,https://www.aladin.co.kr/shop/wproduct.aspx?ItemId=335688145
누구나 쉽게 캔바 Canva로 끝내는 콘텐츠 디자인,2024.03,김민아(캔바 아몬드),제이펍,https://www.aladin.co.kr/shop/wproduct.aspx?ItemId=334602173
페이퍼후추의 사각사각 ASMR 종이 놀이,2024.03,페이퍼후추(우정미),제이펍,https://www.aladin.co.kr/shop/wproduct.aspx?ItemId=334776553
구리밍의 패션 일러스트 종이인형,2024.03,구리밍(김서현),제이펍,https://www.aladin.co.kr/shop/wproduct.aspx?ItemId=334696125
초자동화 시대가 온다,2024.04,롭 윌슨&&조시 타이슨,제이펍,https://www.aladin.co.kr/shop/wproduct.aspx?ItemId=336464695
OpenAPI와 스웨거를 활용한 실전 API 설계,2024.01,조시 포널랫&&루카스 로젠스톡,책만,https://www.aladin.co.kr/shop/wproduct.aspx?ItemId=330388175
"디자인, 이것만 알면 쉬워져요 with 63가지 LESSON",2024.02,요네쿠라 아키오&&이쿠타 신이치&&아오야나기 치사토(베이컨),책만,https://www.aladin.co.kr/shop/wproduct.aspx?ItemId=334779258
리액트훅 인 액션,2024.03,존 라슨,책만,https://www.aladin.co.kr/shop/wproduct.aspx?ItemId=336691739
내 말의 의미는,2024.01,조앤 디디온,책읽는수요일,https://www.aladin.co.kr/shop/wproduct.aspx?ItemId=332338456
세일라 벤하비브,2024.01,정채연,커뮤니케이션북스,https://www.aladin.co.kr/shop/wproduct.aspx?ItemId=333159800
[큰글자책] 세일라 벤하비브,2024.01,정채연,커뮤니케이션북스,https://www.aladin.co.kr/shop/wproduct.aspx?ItemId=333159056
[큰글자책] 인공지능 앞에 선 CEO,2024.01,노규성,커뮤니케이션북스,https://www.aladin.co.kr/shop/wproduct.aspx?ItemId=333005369
인공지능 앞에 선 CEO,2024.01,노규성,커뮤니케이션북스,https://www.aladin.co.kr/shop/wproduct.aspx?ItemId=333005368
[큰글자책] 학교로 들어간 AI,2024.01,이영희,커뮤니케이션북스,https://www.aladin.co.kr/shop/wproduct.aspx?ItemId=332998611
학교로 들어간 AI,2024.01,이영희,커뮤니케이션북스,https://www.aladin.co.kr/shop/wproduct.aspx?ItemId=332998434
AI 공감 대화,2024.01,정유남&&박혜숙,커뮤니케이션북스,https://www.aladin.co.kr/shop/wproduct.aspx?ItemId=332865956
[큰글자책] 세계유산,2024.01,이혜은&&강동진,커뮤니케이션북스,https://www.aladin.co.kr/shop/wproduct.aspx?ItemId=332865902
[큰글자책] AI 공감 대화,2024.01,정유남&&박혜숙,커뮤니케이션북스,https://www.aladin.co.kr/shop/wproduct.aspx?ItemId=332864729
세계유산,2024.01,이혜은&&강동진,커뮤니케이션북스,https://www.aladin.co.kr/shop/wproduct.aspx?ItemId=332864664
[큰글자책] 소비자 행동 핵심 개념,2024.01,김정현,커뮤니케이션북스,https://www.aladin.co.kr/shop/wproduct.aspx?ItemId=331807685
[큰글자책] 소비자 행동의 이해,2024.01,김정현,커뮤니케이션북스,https://www.aladin.co.kr/shop/wproduct.aspx?ItemId=331807269
소비자 행동 핵심 개념,2024.01,김정현,커뮤니케이션북스,https://www.aladin.co.kr/shop/wproduct.aspx?ItemId=331806107
소비자 행동의 이해,2024.01,김정현,커뮤니케이션북스,https://www.aladin.co.kr/shop/wproduct.aspx?ItemId=331805873
[큰글씨책] 로절린드 크라우스,2024.02,최종철,커뮤니케이션북스,https://www.aladin.co.kr/shop/wproduct.aspx?ItemId=334953176
로절린드 크라우스,2024.02,최종철,커뮤니케이션북스,https://www.aladin.co.kr/shop/wproduct.aspx?ItemId=334951275
[큰글자책] 아비 바르부르크,2024.02,김보라,커뮤니케이션북스,https://www.aladin.co.kr/shop/wproduct.aspx?ItemId=334065064
아비 바르부르크,2024.02,김보라,커뮤니케이션북스,https://www.aladin.co.kr/shop/wproduct.aspx?ItemId=334065050
앨리 러셀 혹실드,2024.03,함인희,커뮤니케이션북스,https://www.aladin.co.kr/shop/wproduct.aspx?ItemId=336657088
[큰글자책] 앨리 러셀 혹실드,2024.03,함인희,커뮤니케이션북스,https://www.aladin.co.kr/shop/wproduct.aspx?ItemId=336657084
솔 크립키,2024.03,정대현,커뮤니케이션북스,https://www.aladin.co.kr/shop/wproduct.aspx?ItemId=336444730
[큰글자책] 솔 크립키,2024.03,정대현,커뮤니케이션북스,https://www.aladin.co.kr/shop/wproduct.aspx?ItemId=336438312
[큰글자책] 야구와 AI,2024.03,이승환,커뮤니케이션북스,https://www.aladin.co.kr/shop/wproduct.aspx?ItemId=335847171
야구와 AI,2024.03,이승환,커뮤니케이션북스,https://www.aladin.co.kr/shop/wproduct.aspx?ItemId=335845548
"[큰글자책] 빌렘 플루서, 기술 이미지의 우주로",2024.03,이진욱,커뮤니케이션북스,https://www.aladin.co.kr/shop/wproduct.aspx?ItemId=335720889
방송법 해설,2024.03,김정태,커뮤니케이션북스,https://www.aladin.co.kr/shop/wproduct.aspx?ItemId=335719554
"빌렘 플루서, 기술 이미지의 우주로",2024.03,이진욱,커뮤니케이션북스,https://www.aladin.co.kr/shop/wproduct.aspx?ItemId=335719300
[큰글씨책] 방송법 해설,2024.03,김정태,커뮤니케이션북스,https://www.aladin.co.kr/shop/wproduct.aspx?ItemId=335717504
[큰글자책] 쥘리아 크리스테바,2024.03,정연이,커뮤니케이션북스,https://www.aladin.co.kr/shop/wproduct.aspx?ItemId=335181339
쥘리아 크리스테바,2024.03,정연이,커뮤니케이션북스,https://www.aladin.co.kr/shop/wproduct.aspx?ItemId=335176942
[큰글씨책] 마르쿠스 가브리엘,2024.04,김남시,커뮤니케이션북스,https://www.aladin.co.kr/shop/wproduct.aspx?ItemId=337304874
마르쿠스 가브리엘,2024.04,김남시,커뮤니케이션북스,https://www.aladin.co.kr/shop/wproduct.aspx?ItemId=337304412
디지털 신호 처리,2024.01,John G.Proakis&&Dimitris G. Manolakis,프로텍미디어,https://www.aladin.co.kr/shop/wproduct.aspx?ItemId=331653765
"데이터에서 비즈니스 성과로, BI를 위한 대시보드 설계와 구축",2024.01,이케다 슌스케&&후지이 아츠코&&사쿠라이 마사노부&&하나오카 아키라,프리렉,https://www.aladin.co.kr/shop/wproduct.aspx?ItemId=332268304
코드 한 줄 없이 시작하는 MS 파워 오토메이트 with 챗GPT,2024.02,김성준,프리렉,https://www.aladin.co.kr/shop/wproduct.aspx?ItemId=333011395
3ds Max 게임 캐릭터 디자인 2024,2024.02,김현,프리렉,https://www.aladin.co.kr/shop/wproduct.aspx?ItemId=333387353
클라우드X보안 실무 가이드,2024.03,황치하&&양지언,프리렉,https://www.aladin.co.kr/shop/wproduct.aspx?ItemId=336724390
맛있는 디자인 프리미어 프로 & 애프터 이펙트 CC 2024,2024.01,김덕영&&심수진&&윤성우&&이수정,한빛미디어,https://www.aladin.co.kr/shop/wproduct.aspx?ItemId=332782885
맛있는 디자인 포토샵 & 일러스트레이터 CC 2024,2024.01,빨간고래(박정아)&&윤이사라(포완카),한빛미디어,https://www.aladin.co.kr/shop/wproduct.aspx?ItemId=332729038
러닝 레이,2024.01,막스 펌펄라&&에드워드 옥스&&리차드 리우,한빛미디어,https://www.aladin.co.kr/shop/wproduct.aspx?ItemId=333005617
러스트 동시성 프로그래밍,2024.01,마라 보스,한빛미디어,https://www.aladin.co.kr/shop/wproduct.aspx?ItemId=332761260
밑바닥부터 시작하는 딥러닝 4,2024.01,사이토 고키,한빛미디어,https://www.aladin.co.kr/shop/wproduct.aspx?ItemId=332558447
따라 하며 배우는 언리얼 엔진 5 입문,2024.01,쇼다 츠야노,한빛미디어,https://www.aladin.co.kr/shop/wproduct.aspx?ItemId=332434237
개발자를 위한 최소한의 실무 지식,2024.01,김현정&&이재효,한빛미디어,https://www.aladin.co.kr/shop/wproduct.aspx?ItemId=332440160
이것이 취업을 위한 백엔드 개발이다 with 자바,2024.01,이준형,한빛미디어,https://www.aladin.co.kr/shop/wproduct.aspx?ItemId=331587042
You Don’t Know JS Yet,2024.01,카일 심슨,한빛미디어,https://www.aladin.co.kr/shop/wproduct.aspx?ItemId=331431744
조코딩의 챗GPT API를 활용한 수익형 웹 서비스 만들기,2024.01,조동근(조코딩),한빛미디어,https://www.aladin.co.kr/shop/wproduct.aspx?ItemId=331539932
보고서 차트 실무 강의 with 엑셀,2024.01,최성호,한빛미디어,https://www.aladin.co.kr/shop/wproduct.aspx?ItemId=331131723
헤드 퍼스트 자바,2024.01,캐시 시에라&&버트 베이츠&&트리샤 지,한빛미디어,https://www.aladin.co.kr/shop/wproduct.aspx?ItemId=331021617
스테이블 디퓨전으로 만드는 게임 그래픽,2024.01,야나이 마사카즈,한빛미디어,https://www.aladin.co.kr/shop/wproduct.aspx?ItemId=330809045
프로덕트 매니지먼트의 기술,2024.01,맷 르메이,한빛미디어,https://www.aladin.co.kr/shop/wproduct.aspx?ItemId=330805986
LEAN HR: 당신의 스타트업은 안녕하십니까,2024.02,이용훈,한빛미디어,https://www.aladin.co.kr/shop/wproduct.aspx?ItemId=333648934
딥러닝의 정석,2024.02,니틴 부두마&&니킬 부두마&&조 파파,한빛미디어,https://www.aladin.co.kr/shop/wproduct.aspx?ItemId=332897107
혼자 공부하는 자바,2024.02,신용권,한빛미디어,https://www.aladin.co.kr/shop/wproduct.aspx?ItemId=333236426
쉽고 빠르게 익히는 실전 LLM,2024.02,시난 오즈데미르,한빛미디어,https://www.aladin.co.kr/shop/wproduct.aspx?ItemId=332799587
그림으로 배우는 스프링 6 입문,2024.03,토키 코헤이,한빛미디어,https://www.aladin.co.kr/shop/wproduct.aspx?ItemId=336439121
함수형 프로그래밍 with 자바,2024.03,벤 바이디히,한빛미디어,https://www.aladin.co.kr/shop/wproduct.aspx?ItemId=336642652
개발자 기술 면접 노트,2024.03,이남희,한빛미디어,https://www.aladin.co.kr/shop/wproduct.aspx?ItemId=336470810
맛있는 디자인 포토샵 CC 2024,2024.03,윤이사라(포완카)&&김신애,한빛미디어,https://www.aladin.co.kr/shop/wproduct.aspx?ItemId=336207287
도시를 만드는 기술 이야기,2024.03,그레이디 힐하우스,한빛미디어,https://www.aladin.co.kr/shop/wproduct.aspx?ItemId=335845709
맛있는 디자인 프리미어 프로 CC 2024,2024.03,심수진&&윤성우&&김덕영,한빛미디어,https://www.aladin.co.kr/shop/wproduct.aspx?ItemId=336144346
챗GPT API를 활용한 챗봇 만들기,2024.03,이승우,한빛미디어,https://www.aladin.co.kr/shop/wproduct.aspx?ItemId=336542885
인사이드 머신러닝 인터뷰,2024.03,펑 샤오,한빛미디어,https://www.aladin.co.kr/shop/wproduct.aspx?ItemId=335625977
스타트업 서바이벌,2024.03,이은영&&이규원,한빛미디어,https://www.aladin.co.kr/shop/wproduct.aspx?ItemId=335289657
게임 AI를 위한 탐색 알고리즘 입문,2024.03,아오키 에이타,한빛미디어,https://www.aladin.co.kr/shop/wproduct.aspx?ItemId=335345128
맛있는 디자인 일러스트레이터 CC 2024,2024.03,빨간고래(박정아),한빛미디어,https://www.aladin.co.kr/shop/wproduct.aspx?ItemId=335264018
맛있는 디자인 애프터 이펙트 CC 2024,2024.03,이수정,한빛미디어,https://www.aladin.co.kr/shop/wproduct.aspx?ItemId=335170832
실무로 통하는 인과추론 with 파이썬,2024.03,마테우스 파쿠레,한빛미디어,https://www.aladin.co.kr/shop/wproduct.aspx?ItemId=335177841
한 권으로 끝내는 이미지 생성 AI with 미드저니,2024.03,헤더림(임혜린)&&백승호,한빛미디어,https://www.aladin.co.kr/shop/wproduct.aspx?ItemId=334938516
만들면서 배우는 워드프레스,2024.03,박현우,한빛미디어,https://www.aladin.co.kr/shop/wproduct.aspx?ItemId=334930074
멀티모달 생성 AI 인사이드,2024.03,홍정한&&변형균,한빛미디어,https://www.aladin.co.kr/shop/wproduct.aspx?ItemId=335121493
혼자 공부하는 첫 프로그래밍 with 파이썬,2024.04,문현일,한빛미디어,https://www.aladin.co.kr/shop/wproduct.aspx?ItemId=337111805
완성된 웹사이트로 배우는 자바스크립트,2024.04,Mana,한빛미디어,https://www.aladin.co.kr/shop/wproduct.aspx?ItemId=336869042
이것이 자바다 세트 - 전2권,2024.04,신용권&&임경균,한빛미디어,https://www.aladin.co.kr/shop/wproduct.aspx?ItemId=336982990
