title,abstract,release,authors,publishers,url
대규모 C++ I편,,2023.12.01,존 레이코스,길벗,https://www.aladin.co.kr/shop/wproduct.aspx?ItemId=330450627
Go 100가지 실수 패턴과 솔루션,,2023.12.01,테이바 하사니,길벗,https://www.aladin.co.kr/shop/wproduct.aspx?ItemId=330476179
개발자 오늘도 마음 튼튼하게 성장하기,,2023.12.01,피오다르 서재나베츠,길벗,https://www.aladin.co.kr/shop/wproduct.aspx?ItemId=329907710
모두의 네트워크 기초,,2024.01.01,서지영,길벗,https://www.aladin.co.kr/shop/wproduct.aspx?ItemId=333154296
코딩수학동화 팜 2 : 도형 농장,,2024.01.01,홍지연,길벗,https://www.aladin.co.kr/shop/wproduct.aspx?ItemId=332789111
아는 만큼 보이는 백엔드 개발,,2024.01.01,정우현&&이인&&김보인,길벗,https://www.aladin.co.kr/shop/wproduct.aspx?ItemId=332036567
랭체인으로 LLM 기반의 AI 서비스 개발하기,,2024.02.01,서지영,길벗,https://www.aladin.co.kr/shop/wproduct.aspx?ItemId=334932441
개발자가 영어도 잘해야 하나요?,,2024.02.01,최희철,길벗,https://www.aladin.co.kr/shop/wproduct.aspx?ItemId=333738483
최소한의 데이터 리터러시,,2024.02.01,송석리&&황수빈&&이정윤&&정유진,길벗,https://www.aladin.co.kr/shop/wproduct.aspx?ItemId=334131360
똑똑한 뇌는 어떻게 만들어지는가,,2024.03.01,다키 야스유키&&고 가즈키,길벗,https://www.aladin.co.kr/shop/wproduct.aspx?ItemId=336452196
읽기 쉬운 코드,,2024.03.01,마크 시먼,길벗,https://www.aladin.co.kr/shop/wproduct.aspx?ItemId=336579613
글로벌 UX 연구원은 이렇게 일합니다,,2024.03.01,박수현&&김예림,길벗,https://www.aladin.co.kr/shop/wproduct.aspx?ItemId=336705716
읽고 나면 진짜 쉬워지는 자료 구조,,2024.03.01,제레미 쿠비카,길벗,https://www.aladin.co.kr/shop/wproduct.aspx?ItemId=336056898
컴퓨터 밑바닥의 비밀,,2024.03.01,루 샤오펑,길벗,https://www.aladin.co.kr/shop/wproduct.aspx?ItemId=335644868
그림으로 이해하는 알고리즘,,2024.04.01,이시다 모리테루&&미야자키 슈이치,길벗,https://www.aladin.co.kr/shop/wproduct.aspx?ItemId=338557808
이미지 처리 바이블,,2024.04.01,류태선&&콥스랩 연구원,길벗,https://www.aladin.co.kr/shop/wproduct.aspx?ItemId=338478038
고객 니즈가 보이는 데이터 분석 with 파이썬,,2024.04.01,정인근,길벗,https://www.aladin.co.kr/shop/wproduct.aspx?ItemId=337687117
코드 작성 가이드,,2024.04.01,이시가와 무네토시,길벗,https://www.aladin.co.kr/shop/wproduct.aspx?ItemId=337857272
러스트 웹 개발,,2024.05.01,바스티안 그루버,길벗,https://www.aladin.co.kr/shop/wproduct.aspx?ItemId=339015380
AI 원더랜드,,2024.05.01,안재홍,길벗,https://www.aladin.co.kr/shop/wproduct.aspx?ItemId=339342993
비전공자 마케터로 살아남기,,2024.05.01,최민선(취뽀도리몬),길벗,https://www.aladin.co.kr/shop/wproduct.aspx?ItemId=338612454
일본어 기초 어휘 학습 스티커북,,2024.05.01,JTA(일본어 교사회),길벗,https://www.aladin.co.kr/shop/wproduct.aspx?ItemId=339277184
미국에서 더 유명한 0~5세 처음 영어,,2024.05.01,황진이,길벗,https://www.aladin.co.kr/shop/wproduct.aspx?ItemId=338828653
로블록스 타워맵 만들기,,2023.08.01,노페어(Nofair),디지털북스,https://www.aladin.co.kr/shop/wproduct.aspx?ItemId=322468116
유니티 그래픽,,2024.05.01,김준혁,디지털북스,https://www.aladin.co.kr/shop/wproduct.aspx?ItemId=338937962
임베디드 소프트웨어 베이직 with 라즈베리 파이,,2023.08.01,이경종&&민복기,비제이퍼블릭,https://www.aladin.co.kr/shop/wproduct.aspx?ItemId=322290762
파이썬으로 공부하는 블록체인,,2023.08.01,일등박사,비제이퍼블릭,https://www.aladin.co.kr/shop/wproduct.aspx?ItemId=321364933
IT 시스템의 정석,,2023.09.01,이시구로 나오키&&게게,비제이퍼블릭,https://www.aladin.co.kr/shop/wproduct.aspx?ItemId=325434323
데이터 분석으로 배우는 파이썬 문제 해결,,2023.10.01,최의용,비제이퍼블릭,https://www.aladin.co.kr/shop/wproduct.aspx?ItemId=327566110
웹 개발자 로드맵,,2023.10.01,양동준,비제이퍼블릭,https://www.aladin.co.kr/shop/wproduct.aspx?ItemId=326346804
퍼즐로 이해하는 알고리즘,,2023.10.01,오츠키 켄스케,비제이퍼블릭,https://www.aladin.co.kr/shop/wproduct.aspx?ItemId=327007915
강화학습 이론&실습,,2023.10.01,황현석,비제이퍼블릭,https://www.aladin.co.kr/shop/wproduct.aspx?ItemId=325034837
공식을 넘어서는 데이터 마인드셋,,2023.11.01,윤다영&&조선미,비제이퍼블릭,https://www.aladin.co.kr/shop/wproduct.aspx?ItemId=328918795
나만 따라와! 로직 프로 팁 100,,2023.12.01,김대운,비제이퍼블릭,https://www.aladin.co.kr/shop/wproduct.aspx?ItemId=331005760
"현장 밀착, 피그마로 협업하기",,2024.01.01,루미블루,비제이퍼블릭,https://www.aladin.co.kr/shop/wproduct.aspx?ItemId=332336785
사장님 몰래하는 파이썬 업무 자동화,,2024.01.01,정용범&&손상우,비제이퍼블릭,https://www.aladin.co.kr/shop/wproduct.aspx?ItemId=331485030
노션 덕후의 놀라운 꿀팁 아카이브,,2024.02.01,전소라,비제이퍼블릭,https://www.aladin.co.kr/shop/wproduct.aspx?ItemId=333725408
데이터 과학자의 가설 사고,,2024.02.01,고추 다이스케&&가와치 아키오&&고노 슌스케&&스즈키 가이리&&나가키 사키&&나카노 준이치,비제이퍼블릭,https://www.aladin.co.kr/shop/wproduct.aspx?ItemId=333018576
"스마트 홈, 불 좀 꺼줘",,2024.02.01,박정운,비제이퍼블릭,https://www.aladin.co.kr/shop/wproduct.aspx?ItemId=333014058
창작자를 위한 옵시디언 마스터북,,2024.03.01,조지훈,비제이퍼블릭,https://www.aladin.co.kr/shop/wproduct.aspx?ItemId=336290031
줄리아 프로그래밍,,2024.04.01,류대식&&전기현,비제이퍼블릭,https://www.aladin.co.kr/shop/wproduct.aspx?ItemId=338516557
챗GPT 자기주도 공부법,,2023.08.01,하우영,생능북스,https://www.aladin.co.kr/shop/wproduct.aspx?ItemId=322488350
챗GPT 영어회화,,2023.08.01,반병현&&김연정,생능북스,https://www.aladin.co.kr/shop/wproduct.aspx?ItemId=321904017
챗GPT 교과서,,2023.08.01,홍지연&&한의표,생능북스,https://www.aladin.co.kr/shop/wproduct.aspx?ItemId=320896793
스티브 잡스는 왜 오징어 게임을 죽였을까?,,2023.10.01,조성호,생능북스,https://www.aladin.co.kr/shop/wproduct.aspx?ItemId=325429377
프롬프트 엔지니어링,,2023.10.01,반병현,생능북스,https://www.aladin.co.kr/shop/wproduct.aspx?ItemId=325428104
자료구조와 알고리즘 with 파이썬,,2023.11.01,최영규,생능북스,https://www.aladin.co.kr/shop/wproduct.aspx?ItemId=328631057
자바스크립트,,2024.01.01,곽문기,생능북스,https://www.aladin.co.kr/shop/wproduct.aspx?ItemId=332595938
IT 세계의 괴물들,,2024.01.01,아무준수,생능북스,https://www.aladin.co.kr/shop/wproduct.aspx?ItemId=329934326
UFO,,2024.02.01,맹성렬,생능북스,https://www.aladin.co.kr/shop/wproduct.aspx?ItemId=334642427
딥테크 스타트업,,2024.02.01,박종구,생능북스,https://www.aladin.co.kr/shop/wproduct.aspx?ItemId=334205647
코파일럿,,2024.03.01,반병현,생능북스,https://www.aladin.co.kr/shop/wproduct.aspx?ItemId=336213415
프롬프트 엔지니어링 교과서,,2023.09.01,서승완,애드앤미디어,https://www.aladin.co.kr/shop/wproduct.aspx?ItemId=324201397
쿠버네티스 시작하기 3/e,,2023.08.01,브렌던 번스&&조 베다&&켈시 하이타워&&라클런 이븐슨,에이콘,https://www.aladin.co.kr/shop/wproduct.aspx?ItemId=322861661
코틀린 디자인 패턴 2/e,,2023.08.01,알렉세이 소신,에이콘,https://www.aladin.co.kr/shop/wproduct.aspx?ItemId=322491418
"게임 디자인, 프로토타입 제작, 개발 2/e",,2023.09.01,제레미 깁슨 본드,에이콘,https://www.aladin.co.kr/shop/wproduct.aspx?ItemId=324746298
프로젝트 기반으로 배우는 언리얼 엔진 5 게임 개발 2/e,,2023.09.01,곤살로 마르케스&&데빈 쉐리&&데이비드 페레이라&&하마드 포지,에이콘,https://www.aladin.co.kr/shop/wproduct.aspx?ItemId=324694744
Keycloak - 모던 애플리케이션을 위한 ID 및 접근 관리,,2023.09.01,스티안 토르거센&&페드로 이고르 실바,에이콘,https://www.aladin.co.kr/shop/wproduct.aspx?ItemId=324634910
UXer에게 꼭 필요한 경험,,2023.09.01,로버트 후크만 주니어,에이콘,https://www.aladin.co.kr/shop/wproduct.aspx?ItemId=324278095
파이토치 라이트닝으로 시작하는 딥러닝,,2023.09.01,쿠날 사와르카르&&시밤 R 솔란키&&아밋 조글카르,에이콘,https://www.aladin.co.kr/shop/wproduct.aspx?ItemId=324259040
AWS 공인 클라우드 프랙티셔너 마스터: CLF-C02 EXAM,,2023.09.01,동준상,에이콘,https://www.aladin.co.kr/shop/wproduct.aspx?ItemId=324171796
효율적인 디지털로의 전환,,2023.09.01,조나단 스마트&&마일스 오길비&&졸트 베렌드&&사이먼 로러,에이콘,https://www.aladin.co.kr/shop/wproduct.aspx?ItemId=323565943
유니콘 프로젝트,,2023.10.01,진 킴,에이콘,https://www.aladin.co.kr/shop/wproduct.aspx?ItemId=326248092
캔바로 만드는 나만의 브랜드,,2023.10.01,로라 굿셀,에이콘,https://www.aladin.co.kr/shop/wproduct.aspx?ItemId=326499257
Kafka in Action,,2023.10.01,딜런 스콧&&빅토르 가모프&&데이브 클라인,에이콘,https://www.aladin.co.kr/shop/wproduct.aspx?ItemId=325372258
게임을 위한 AI 3/e,,2023.10.01,이안 밀링턴,에이콘,https://www.aladin.co.kr/shop/wproduct.aspx?ItemId=325344095
암호화 알고리듬,,2023.10.01,마시모 베르타치니,에이콘,https://www.aladin.co.kr/shop/wproduct.aspx?ItemId=325179521
UX 원칙 2/e,,2023.10.01,윌 그랜트,에이콘,https://www.aladin.co.kr/shop/wproduct.aspx?ItemId=325850483
바로 쓰는 오라클 클라우드,,2023.11.01,정영균&&유정훈,에이콘,https://www.aladin.co.kr/shop/wproduct.aspx?ItemId=329277786
임베디드 리눅스 프로그래밍 완전정복 3/e,,2023.11.01,프랭크 바스케즈&&크리스 시먼즈,에이콘,https://www.aladin.co.kr/shop/wproduct.aspx?ItemId=329205368
가치 플라이휠 효과,,2023.11.01,데이비드 앤더슨&&마크 맥켄&&마이클 오라일리,에이콘,https://www.aladin.co.kr/shop/wproduct.aspx?ItemId=328935228
생물정보학을 위한 파이썬,,2023.11.01,켄 유엔스 클락,에이콘,https://www.aladin.co.kr/shop/wproduct.aspx?ItemId=328906464
빅 브리치: 세계를 놀라게 한 개인정보 유출사고,,2023.11.01,닐 다스와니&&마우디 엘바야디,에이콘,https://www.aladin.co.kr/shop/wproduct.aspx?ItemId=328761495
프로덕션 쿠버네티스,,2023.11.01,조쉬 로소&&리치 랜더&&알렉산더 브랜드&&존 해리스,에이콘,https://www.aladin.co.kr/shop/wproduct.aspx?ItemId=328625744
개발자를 위한 레디스,,2023.11.01,김가림,에이콘,https://www.aladin.co.kr/shop/wproduct.aspx?ItemId=327578457
언리얼 엔진 5로 만드는 메타휴먼 캐릭터,,2023.12.01,브라이언 로스니,에이콘,https://www.aladin.co.kr/shop/wproduct.aspx?ItemId=330507499
대학 때 놓친 수학 2/e,,2023.12.01,토마스 A. 개리티,에이콘,https://www.aladin.co.kr/shop/wproduct.aspx?ItemId=330456495
웹 API 설계 원칙,,2023.12.01,제임스 히긴보텀,에이콘,https://www.aladin.co.kr/shop/wproduct.aspx?ItemId=330491386
쿠버네티스 엔터프라이즈 가이드 2/e,,2023.12.01,마크 보어쉬테인&&스콧 수로비치,에이콘,https://www.aladin.co.kr/shop/wproduct.aspx?ItemId=330131780
머신러닝을 위한 효율적 데이터 레이블링,,2023.12.01,로버트 (먼로) 모나크,에이콘,https://www.aladin.co.kr/shop/wproduct.aspx?ItemId=330127499
깃허브로 완성하는 데브옵스 가속화,,2023.12.01,마이클 카우프만,에이콘,https://www.aladin.co.kr/shop/wproduct.aspx?ItemId=330375798
[세트] Windows Internals 7/e 세트 - 전2권,,2023.12.01,파벨 요시포비치&&알렉스 이오네스쿠&&안드레아 알레비&&데이비드 솔로몬&&알렉스 이오네스쿠&&마크 러시노비치&&데이비드 솔로몬,에이콘,https://www.aladin.co.kr/shop/wproduct.aspx?ItemId=330747220
Windows Internals 7/e Vol.2,,2023.12.01,안드레아 알레비&&알렉스 이오네스쿠&&마크 러시노비치&&데이비드 솔로몬,에이콘,https://www.aladin.co.kr/shop/wproduct.aspx?ItemId=329752169
소프트웨어 성능의 이해,,2024.01.01,리처드 사이트,에이콘,https://www.aladin.co.kr/shop/wproduct.aspx?ItemId=332466522
급진적 협업 기업,,2024.01.01,매트 파커,에이콘,https://www.aladin.co.kr/shop/wproduct.aspx?ItemId=332463361
쿠버네티스로 구현하는 머신러닝,,2024.01.01,파이살 마수드&&로스 브리골리,에이콘,https://www.aladin.co.kr/shop/wproduct.aspx?ItemId=332107168
Pro Go,,2024.01.01,애덤 프리먼,에이콘,https://www.aladin.co.kr/shop/wproduct.aspx?ItemId=331924879
R을 활용한 머신러닝 4/e,,2024.01.01,브레트 란츠,에이콘,https://www.aladin.co.kr/shop/wproduct.aspx?ItemId=331968772
해커의 심리,,2024.01.01,브루스 슈나이어,에이콘,https://www.aladin.co.kr/shop/wproduct.aspx?ItemId=331632491
예제로 배우는 Argo CD,,2024.02.01,리비우 코스테아&&스피로스 이코노마키스,에이콘,https://www.aladin.co.kr/shop/wproduct.aspx?ItemId=334140974
코틀린 코루틴의 정석,,2024.02.01,조세영,에이콘,https://www.aladin.co.kr/shop/wproduct.aspx?ItemId=334132676
언리얼 엔진 5로 제작하는 실시간 VFX,,2024.02.01,흐리시케쉬 안두를레카,에이콘,https://www.aladin.co.kr/shop/wproduct.aspx?ItemId=333661374
알고리듬으로 생각하기,,2024.02.01,다니엘 진가로,에이콘,https://www.aladin.co.kr/shop/wproduct.aspx?ItemId=333452348
레디 플레이어 투,,2024.02.01,어니스트 클라인,에이콘,https://www.aladin.co.kr/shop/wproduct.aspx?ItemId=333419503
함수형 프로그래밍,,2024.02.01,잭 위드먼,에이콘,https://www.aladin.co.kr/shop/wproduct.aspx?ItemId=332995336
LangChain으로 구현하는 LLM,,2024.03.01,벤 아우파스,에이콘,https://www.aladin.co.kr/shop/wproduct.aspx?ItemId=336278372
스프링 부트 JPA 모범 사례,,2024.03.01,안겔 레오나르드,에이콘,https://www.aladin.co.kr/shop/wproduct.aspx?ItemId=336142260
API 보안 인 액션,,2024.03.01,닐 매든,에이콘,https://www.aladin.co.kr/shop/wproduct.aspx?ItemId=335786057
디지털 트윈 구축과 배포,,2024.03.01,시암 바란 나트&&피터 반 샬크윅,에이콘,https://www.aladin.co.kr/shop/wproduct.aspx?ItemId=335871841
인베스트먼트 언리미티드,,2024.03.01,헬렌 비얼&&빌 벤싱&&제이슨 콕스&&마이클 에덴존&&타파브라타 팔&&캘럽 퀴어른&&존 레쇼타르스키&&안드레스 베가&&존 윌리스,에이콘,https://www.aladin.co.kr/shop/wproduct.aspx?ItemId=335753517
젠킨스로 배우는 CI/CD 파이프라인 구축,,2024.03.01,프라노데이 프라모드 딩가레,에이콘,https://www.aladin.co.kr/shop/wproduct.aspx?ItemId=335107921
AWS 마이크로서비스 보안,,2024.03.01,고라브 라제,에이콘,https://www.aladin.co.kr/shop/wproduct.aspx?ItemId=333772399
ISMS-P 인증 실무 가이드 3/e,,2024.04.01,연수권&&신동혁&&박나룡,에이콘,https://www.aladin.co.kr/shop/wproduct.aspx?ItemId=337070599
[세트] 완벽한 프리젠터를 위한 퍼펙트 세트 - 전2권,,2024.04.01,김재성,에이콘,https://www.aladin.co.kr/shop/wproduct.aspx?ItemId=338591584
Tkinter를 사용한 파이썬 GUI 프로그래밍 2/e,,2024.04.01,앨런 무어,에이콘,https://www.aladin.co.kr/shop/wproduct.aspx?ItemId=338246198
RESTful Web API 패턴과 모범 사례,,2024.04.01,마이크 애먼슨,에이콘,https://www.aladin.co.kr/shop/wproduct.aspx?ItemId=338185689
해석 가능한 AI,,2024.04.01,아제이 탐피,에이콘,https://www.aladin.co.kr/shop/wproduct.aspx?ItemId=338160682
125가지 문자열 알고리듬,,2024.04.01,막심 크로슈모르&&티에리 르크로크&&보이체흐 리터,에이콘,https://www.aladin.co.kr/shop/wproduct.aspx?ItemId=338019168
퍼펙트 프리젠테이션 3,,2024.04.01,김재성,에이콘,https://www.aladin.co.kr/shop/wproduct.aspx?ItemId=337867132
통계의 함정,,2024.04.01,앨런 B. 다우니,에이콘,https://www.aladin.co.kr/shop/wproduct.aspx?ItemId=338036048
멀웨어 분석과 리버스 엔지니어링,,2024.05.01,아비짓 모한타&&아눕 살다나,에이콘,https://www.aladin.co.kr/shop/wproduct.aspx?ItemId=339295526
양자 컴퓨팅의 이해,,2024.05.01,엘레노어 리에펠&&볼프강 폴락,에이콘,https://www.aladin.co.kr/shop/wproduct.aspx?ItemId=339365002
유령처럼 해킹하는 방법,,2024.02.01,Sparc Flow,영진닷컴,https://www.aladin.co.kr/shop/wproduct.aspx?ItemId=334165136
그림으로 배우는 네트워크 프로토콜,,2024.02.01,가와시마 타쿠로,영진닷컴,https://www.aladin.co.kr/shop/wproduct.aspx?ItemId=332965203
예제로 배우는 Django 4,,2024.03.01,안토니오 멜레,영진닷컴,https://www.aladin.co.kr/shop/wproduct.aspx?ItemId=334779292
챗GPT와 데이터 분석 with 코드 인터프리터,,2023.08.01,김철수,위키북스,https://www.aladin.co.kr/shop/wproduct.aspx?ItemId=322824842
진짜 챗GPT API 활용법,,2023.08.01,김준성&&브라이스 유&&안상준,위키북스,https://www.aladin.co.kr/shop/wproduct.aspx?ItemId=322664130
문제 해결을 위한 알고리즘 with 수학,,2023.09.01,요네다 마사타카,위키북스,https://www.aladin.co.kr/shop/wproduct.aspx?ItemId=324967287
"GPT-4, ChatGPT, 라마인덱스, 랭체인을 활용한 인공지능 프로그래밍",,2023.09.01,후루카와 히데카즈,위키북스,https://www.aladin.co.kr/shop/wproduct.aspx?ItemId=324901870
UX 라이팅 교과서,,2023.09.01,이춘희&&이지현,위키북스,https://www.aladin.co.kr/shop/wproduct.aspx?ItemId=323787281
만들면서 배우는 나만의 인공지능 서비스,,2023.09.01,최은석,위키북스,https://www.aladin.co.kr/shop/wproduct.aspx?ItemId=323617641
C++ 소프트웨어 디자인,,2023.10.01,클라우스 이글베르거,위키북스,https://www.aladin.co.kr/shop/wproduct.aspx?ItemId=327502460
파이토치 트랜스포머를 활용한 자연어 처리와 컴퓨터비전 심층학습,,2023.10.01,윤대희&&김동화&&송종민&&진현두,위키북스,https://www.aladin.co.kr/shop/wproduct.aspx?ItemId=325439013
진짜 챗GPT 활용법,,2023.10.01,김준성&&브라이스 유&&안상준,위키북스,https://www.aladin.co.kr/shop/wproduct.aspx?ItemId=325791998
파이썬 텍스트 마이닝 바이블 2,,2023.11.01,이상엽,위키북스,https://www.aladin.co.kr/shop/wproduct.aspx?ItemId=327923517
파이썬 텍스트 마이닝 바이블 1,,2023.11.01,이상엽,위키북스,https://www.aladin.co.kr/shop/wproduct.aspx?ItemId=327917747
모던 리액트 Deep Dive,,2023.11.01,김용찬,위키북스,https://www.aladin.co.kr/shop/wproduct.aspx?ItemId=327499133
세균무기가 알려주는 서비스 기획의 모든 것,,2024.01.01,세균무기,위키북스,https://www.aladin.co.kr/shop/wproduct.aspx?ItemId=331620385
이지패스 2024 ADsP 데이터분석 준전문가 (수험서 앱 제공),,2024.01.01,전용문&&박현민,위키북스,https://www.aladin.co.kr/shop/wproduct.aspx?ItemId=331491379
실전! 프로젝트로 배우는 딥러닝 컴퓨터비전,,2024.01.01,김혜진&&왕진영,위키북스,https://www.aladin.co.kr/shop/wproduct.aspx?ItemId=331447531
모두를 위한 컴퓨터와 프로그래밍 지식,,2024.01.01,이연우&&양기철,위키북스,https://www.aladin.co.kr/shop/wproduct.aspx?ItemId=330860837
전문가가 알려주는 웹 퍼포먼스 튜닝,,2024.01.01,후지와라 슌이치로&&바바 토시아키&&나카니시 켄토&&나가노 마사히로&&카네코 타츠야&&쿠사노 쇼,위키북스,https://www.aladin.co.kr/shop/wproduct.aspx?ItemId=330849494
모험의 서,,2024.02.01,손태장,위키북스,https://www.aladin.co.kr/shop/wproduct.aspx?ItemId=335291001
실전! 러스트로 배우는 리눅스 커널 프로그래밍,,2024.02.01,김백기&&우충기,위키북스,https://www.aladin.co.kr/shop/wproduct.aspx?ItemId=334200974
랭체인 완벽 입문,,2024.02.01,타무라 하루카,위키북스,https://www.aladin.co.kr/shop/wproduct.aspx?ItemId=333694850
자바 퍼시스턴스 프로그래밍 완벽 가이드,,2024.02.01,커틀린 투도세,위키북스,https://www.aladin.co.kr/shop/wproduct.aspx?ItemId=333600610
리액트 훅을 활용한 마이크로 상태 관리,,2024.02.01,다이시 카토,위키북스,https://www.aladin.co.kr/shop/wproduct.aspx?ItemId=333599370
생성형 AI 업무 혁신,,2024.02.01,박찬규&&윤가희,위키북스,https://www.aladin.co.kr/shop/wproduct.aspx?ItemId=333339893
도메인 스토리텔링,,2024.03.01,스테판 호퍼&&헤닝 슈벤트너,위키북스,https://www.aladin.co.kr/shop/wproduct.aspx?ItemId=335716939
시작하세요! C# 12 프로그래밍,,2024.04.01,정성태,위키북스,https://www.aladin.co.kr/shop/wproduct.aspx?ItemId=337704695
OpenAI API와 파이썬으로 나만의 챗GPT 만들기,,2024.04.01,후루카와 쇼이치&&오기와라 유이,위키북스,https://www.aladin.co.kr/shop/wproduct.aspx?ItemId=337699626
"게임 개발을 위한 미드저니, 스테이블 디퓨전 완벽 활용법",,2024.04.01,DMeloper,위키북스,https://www.aladin.co.kr/shop/wproduct.aspx?ItemId=337397803
디자인을 위한 미드저니 완벽 활용법,,2024.04.01,임장한,위키북스,https://www.aladin.co.kr/shop/wproduct.aspx?ItemId=337397109
러닝스쿨! 자바스크립트 첫걸음,,2024.05.01,김효빈,위키북스,https://www.aladin.co.kr/shop/wproduct.aspx?ItemId=338587908
반도체 제국의 미래,,2024.02.01,정인성,이레미디어,https://www.aladin.co.kr/shop/wproduct.aspx?ItemId=332130816
Do it! 데이터 과학자를 위한 실전 머신러닝,,2023.08.01,배기웅,이지스퍼블리싱,https://www.aladin.co.kr/shop/wproduct.aspx?ItemId=322401507
Do it! 프런트엔드 UI 개발 with Vue.js,,2023.08.01,김윤미,이지스퍼블리싱,https://www.aladin.co.kr/shop/wproduct.aspx?ItemId=321905402
된다! 생성형 AI 사진 & 이미지 만들기,,2023.10.01,김원석&&장한결,이지스퍼블리싱,https://www.aladin.co.kr/shop/wproduct.aspx?ItemId=326370469
Do it! 데이터 분석을 위한 판다스 입문,,2023.11.01,다니엘 첸,이지스퍼블리싱,https://www.aladin.co.kr/shop/wproduct.aspx?ItemId=328966529
Do it! 구글 애널리틱스 4,,2023.11.01,한수창&&이준성,이지스퍼블리싱,https://www.aladin.co.kr/shop/wproduct.aspx?ItemId=328265119
Do it! Node.js 프로그래밍 입문,,2023.11.01,고경희,이지스퍼블리싱,https://www.aladin.co.kr/shop/wproduct.aspx?ItemId=328495186
Do it! 챗GPT & 파이썬으로 AI 직원 만들기,,2023.11.01,이성용,이지스퍼블리싱,https://www.aladin.co.kr/shop/wproduct.aspx?ItemId=327940197
Do it! 점프 투 스프링 부트 3,,2023.12.01,박응용,이지스퍼블리싱,https://www.aladin.co.kr/shop/wproduct.aspx?ItemId=330434959
Do it! 일상이 자동화되는 파이썬 생활 프로그래밍 with 챗GPT,,2024.01.01,김창현,이지스퍼블리싱,https://www.aladin.co.kr/shop/wproduct.aspx?ItemId=332949018
된다! 하루 만에 끝내는 챗GPT 활용법,,2024.01.01,프롬프트 크리에이터,이지스퍼블리싱,https://www.aladin.co.kr/shop/wproduct.aspx?ItemId=332035546
Do it! 시뮬레이터 + 키트로 완성하는 아두이노 입문,,2024.01.01,박필준,이지스퍼블리싱,https://www.aladin.co.kr/shop/wproduct.aspx?ItemId=332441079
Do it! 웹 디자인 교과서,,2024.02.01,정경희,이지스퍼블리싱,https://www.aladin.co.kr/shop/wproduct.aspx?ItemId=335130208
된다! 미드저니,,2024.02.01,킵콴(윤석관),이지스퍼블리싱,https://www.aladin.co.kr/shop/wproduct.aspx?ItemId=333783327
Do it! 리액트로 웹앱 만들기 with 타입스크립트,,2024.03.01,전예홍,이지스퍼블리싱,https://www.aladin.co.kr/shop/wproduct.aspx?ItemId=336533269
Do it! C++ 완전 정복,,2024.03.01,조규남&&문종채,이지스퍼블리싱,https://www.aladin.co.kr/shop/wproduct.aspx?ItemId=336669939
일 잘하는 팀장,,2024.04.01,이재호,이지스퍼블리싱,https://www.aladin.co.kr/shop/wproduct.aspx?ItemId=337050829
"나, 개발자로 100명 취업시켰다",,2024.04.01,김규석,이지스퍼블리싱,https://www.aladin.co.kr/shop/wproduct.aspx?ItemId=338126455
[큰글자도서] 기계는 어떻게 생각하는가?,,2024.04.01,숀 게리시,이지스퍼블리싱,https://www.aladin.co.kr/shop/wproduct.aspx?ItemId=338805672
[큰글자도서] 데이터는 어떻게 자산이 되는가?,,2024.04.01,김옥기,이지스퍼블리싱,https://www.aladin.co.kr/shop/wproduct.aspx?ItemId=338804928
Do it! MySQL로 배우는 SQL 입문,,2024.04.01,강성욱,이지스퍼블리싱,https://www.aladin.co.kr/shop/wproduct.aspx?ItemId=337105499
오늘날 우리는 컴퓨터라 부른다,,2023.08.01,마틴 데이비스,인사이트,https://www.aladin.co.kr/shop/wproduct.aspx?ItemId=322486774
타입으로 견고하게 다형성으로 유연하게,,2023.10.01,홍재민,인사이트,https://www.aladin.co.kr/shop/wproduct.aspx?ItemId=326340238
짜릿짜릿 전자부품 백과사전 1,,2023.11.01,찰스 플랫,인사이트,https://www.aladin.co.kr/shop/wproduct.aspx?ItemId=327288901
코틀린 코루틴,,2023.11.01,마르친 모스카와,인사이트,https://www.aladin.co.kr/shop/wproduct.aspx?ItemId=326967117
CODE 코드 (블랙 에디션),,2023.12.01,찰스 펫졸드,인사이트,https://www.aladin.co.kr/shop/wproduct.aspx?ItemId=330301790
린 UX 3판,,2023.12.01,제프 고델프&&조시 세이던,인사이트,https://www.aladin.co.kr/shop/wproduct.aspx?ItemId=330275782
논리적 사고를 기르는 알고리즘 수업,,2024.01.01,롤랜드 백하우스,인사이트,https://www.aladin.co.kr/shop/wproduct.aspx?ItemId=332457329
UI 시스템 블랙북,,2024.01.01,박춘언,인사이트,https://www.aladin.co.kr/shop/wproduct.aspx?ItemId=331081225
사용자를 읽는 법 UX 리서치 플레이북,,2024.01.01,백원희,인사이트,https://www.aladin.co.kr/shop/wproduct.aspx?ItemId=330835165
가상 면접 사례로 배우는 대규모 시스템 설계 기초 2,,2024.01.01,알렉스 쉬&&산 람,인사이트,https://www.aladin.co.kr/shop/wproduct.aspx?ItemId=330404121
가상 면접 사례로 배우는 머신러닝 시스템 설계 기초,,2024.02.01,알리 아미니안&&알렉스 쉬,인사이트,https://www.aladin.co.kr/shop/wproduct.aspx?ItemId=333751539
짜릿짜릿 전자부품 백과사전 2,,2024.02.01,찰스 플랫,인사이트,https://www.aladin.co.kr/shop/wproduct.aspx?ItemId=333308247
JVM 밑바닥까지 파헤치기,,2024.04.01,저우즈밍,인사이트,https://www.aladin.co.kr/shop/wproduct.aspx?ItemId=338394581
짜릿짜릿 전자부품 백과사전 3,,2024.04.01,찰스 플랫&&프레드릭 얀슨,인사이트,https://www.aladin.co.kr/shop/wproduct.aspx?ItemId=337801253
짜릿짜릿 전자부품 백과사전 1~3 세트 - 전3권,,2024.05.01,찰스 플랫&&프레드릭 얀슨,인사이트,https://www.aladin.co.kr/shop/wproduct.aspx?ItemId=338066198
"AI, WEB 3 패러다임",,2023.10.01,김수진,정보문화사,https://www.aladin.co.kr/shop/wproduct.aspx?ItemId=326490435
기초부터 배우는 웹 개발 리터러시,,2024.02.01,마스이 토시카츠,정보문화사,https://www.aladin.co.kr/shop/wproduct.aspx?ItemId=335113152
비동기 우선 플레이북,,2024.04.01,수미트 가야트리 모게,정보문화사,https://www.aladin.co.kr/shop/wproduct.aspx?ItemId=337485896
챗GPT 프롬프트 120% 질문 기술,,2024.04.01,ChatGPT 비즈니스 연구회,정보문화사,https://www.aladin.co.kr/shop/wproduct.aspx?ItemId=338558687
데이터베이스 관리 시스템,,2024.05.01,조민호,정보문화사,https://www.aladin.co.kr/shop/wproduct.aspx?ItemId=339216852
API 해킹의 모든 것,,2023.08.01,코리 볼,제이펍,https://www.aladin.co.kr/shop/wproduct.aspx?ItemId=321129628
컴퓨팅의 정수,,2023.08.01,우쥔,제이펍,https://www.aladin.co.kr/shop/wproduct.aspx?ItemId=321396895
핵심만 골라 배우는 SwiftUI 기반의 iOS 프로그래밍,,2023.09.01,닐 스미스,제이펍,https://www.aladin.co.kr/shop/wproduct.aspx?ItemId=324198014
코딩 교육을 위한 마이크로비트,,2023.09.01,아이씨뱅큐(ICbanQ),제이펍,https://www.aladin.co.kr/shop/wproduct.aspx?ItemId=323564435
실전 스프링 부트,,2023.09.01,솜나트 무시브,제이펍,https://www.aladin.co.kr/shop/wproduct.aspx?ItemId=323427516
객체지향 파이썬,,2023.10.01,어브 캘브,제이펍,https://www.aladin.co.kr/shop/wproduct.aspx?ItemId=325055345
"줄리아 머신러닝, 딥러닝, 강화학습",,2023.10.01,김태훈,제이펍,https://www.aladin.co.kr/shop/wproduct.aspx?ItemId=324968536
나의 첫 HTML & CSS 웹 디자인,,2023.10.01,Capybara Designs&&다케우치 나오토&&다케우치 루미,제이펍,https://www.aladin.co.kr/shop/wproduct.aspx?ItemId=324764053
인간 vs. AI 정규표현식 문제 풀이 대결,,2023.10.01,데이비드 머츠,제이펍,https://www.aladin.co.kr/shop/wproduct.aspx?ItemId=324709840
그림으로 배우는 구글 클라우드 101,,2023.11.01,프리양카 베르가디아,제이펍,https://www.aladin.co.kr/shop/wproduct.aspx?ItemId=327829601
프롬프트 엔지니어링으로 인공지능 제대로 일 시키기,,2023.11.01,이규남&&조우진&&김동민,제이펍,https://www.aladin.co.kr/shop/wproduct.aspx?ItemId=327645372
웹 개발 새로고침,,2023.11.01,김승구,제이펍,https://www.aladin.co.kr/shop/wproduct.aspx?ItemId=326996550
모니터링의 새로운 미래 관측 가능성,,2023.12.01,정현석&&진미란,제이펍,https://www.aladin.co.kr/shop/wproduct.aspx?ItemId=329183979
Plotly로 시작하는 인터랙티브 데이터 시각화 in R & 파이썬,,2023.12.01,이기준,제이펍,https://www.aladin.co.kr/shop/wproduct.aspx?ItemId=329045132
사이버 보안의 공격과 방어,,2024.01.01,댄 보저스,제이펍,https://www.aladin.co.kr/shop/wproduct.aspx?ItemId=330758915
머신러닝 시스템 구축 실전 가이드,,2024.01.01,시부이 유스케,제이펍,https://www.aladin.co.kr/shop/wproduct.aspx?ItemId=330489808
실무에 바로 쓰는 일잘러의 협업 도구 컨설팅,,2024.01.01,전시진,제이펍,https://www.aladin.co.kr/shop/wproduct.aspx?ItemId=329577273
프런트엔드 개발을 위한 보안 입문,,2024.01.01,히라노 마사시,제이펍,https://www.aladin.co.kr/shop/wproduct.aspx?ItemId=330496897
러스트 프로그래밍 공식 가이드,,2024.02.01,스티브 클라브닉&&캐럴 니컬스,제이펍,https://www.aladin.co.kr/shop/wproduct.aspx?ItemId=333610513
제로부터 시작하는 러스트 백엔드 프로그래밍,,2024.02.01,루카 팔미에리,제이펍,https://www.aladin.co.kr/shop/wproduct.aspx?ItemId=333308133
Go 언어로 배우는 웹 애플리케이션 개발,,2024.02.01,시미즈 요이치로,제이펍,https://www.aladin.co.kr/shop/wproduct.aspx?ItemId=332503632
"코딩도 하고, 사장도 합니다",,2024.02.01,한수봉,제이펍,https://www.aladin.co.kr/shop/wproduct.aspx?ItemId=332763513
클라우드 네이티브 스프링 인 액션,,2024.03.01,토마스 비탈레,제이펍,https://www.aladin.co.kr/shop/wproduct.aspx?ItemId=336279217
고도 엔진 4 게임 개발 프로젝트,,2024.03.01,크리스 브래드필드,제이펍,https://www.aladin.co.kr/shop/wproduct.aspx?ItemId=335788790
데이터 분석을 위한 줄리아,,2024.03.01,보구밀 카민스키,제이펍,https://www.aladin.co.kr/shop/wproduct.aspx?ItemId=335785532
소프트웨어 요구사항의 정수,,2024.03.01,칼 위거스&&캔디스 호캔슨,제이펍,https://www.aladin.co.kr/shop/wproduct.aspx?ItemId=335690292
소프트웨어 개발의 진주,,2024.03.01,칼 위거스,제이펍,https://www.aladin.co.kr/shop/wproduct.aspx?ItemId=335688145
누구나 쉽게 캔바 Canva로 끝내는 콘텐츠 디자인,,2024.03.01,김민아(캔바 아몬드),제이펍,https://www.aladin.co.kr/shop/wproduct.aspx?ItemId=334602173
초자동화 시대가 온다,,2024.04.01,롭 윌슨&&조시 타이슨,제이펍,https://www.aladin.co.kr/shop/wproduct.aspx?ItemId=336464695
실전 스벨트 & 스벨트킷 입문,,2024.04.01,하마구치 교헤이&&고세키 야스히로,제이펍,https://www.aladin.co.kr/shop/wproduct.aspx?ItemId=337852187
퀴즈로 배우는 디자인,,2024.04.01,Ingectar-e,제이펍,https://www.aladin.co.kr/shop/wproduct.aspx?ItemId=337989310
"러스트 서버, 서비스, 앱 만들기",,2024.05.01,프라부 에스왈라,제이펍,https://www.aladin.co.kr/shop/wproduct.aspx?ItemId=338781485
실전 SQL 퀵스타트,,2024.05.01,월터 실즈,제이펍,https://www.aladin.co.kr/shop/wproduct.aspx?ItemId=339156768
자바 잘 읽는 법,,2024.05.01,라우렌치우 스필커,제이펍,https://www.aladin.co.kr/shop/wproduct.aspx?ItemId=338152382
자바 알고리즘 인터뷰 with 코틀린,,2023.09.01,박상길,책만,https://www.aladin.co.kr/shop/wproduct.aspx?ItemId=324537416
모던 리눅스 교과서,,2023.10.01,마이클 하우센블라스,책만,https://www.aladin.co.kr/shop/wproduct.aspx?ItemId=326284012
OpenAPI와 스웨거를 활용한 실전 API 설계,,2024.01.01,조시 포널랫&&루카스 로젠스톡,책만,https://www.aladin.co.kr/shop/wproduct.aspx?ItemId=330388175
"디자인, 이것만 알면 쉬워져요 with 63가지 LESSON",,2024.02.01,요네쿠라 아키오&&이쿠타 신이치&&아오야나기 치사토(베이컨),책만,https://www.aladin.co.kr/shop/wproduct.aspx?ItemId=334779258
리액트훅 인 액션,,2024.03.01,존 라슨,책만,https://www.aladin.co.kr/shop/wproduct.aspx?ItemId=336691739
UX/UI의 10가지 심리학 법칙,,2024.04.01,존 야블론스키,책만,https://www.aladin.co.kr/shop/wproduct.aspx?ItemId=337647826
"대격변 AI 시대, 데이터로 사고하고 데이터로 리드하라",,2024.05.01,알렉스 거트맨&&조던 골드마이어,책만,https://www.aladin.co.kr/shop/wproduct.aspx?ItemId=338530086
메타버스 예술의 유통과 소비,,2023.10.01,한영주,커뮤니케이션북스,https://www.aladin.co.kr/shop/wproduct.aspx?ItemId=327511133
예술가의 메타버스 사용법,,2023.10.01,이수진,커뮤니케이션북스,https://www.aladin.co.kr/shop/wproduct.aspx?ItemId=327503126
예술의 메타버스 활용,,2023.10.01,강지영,커뮤니케이션북스,https://www.aladin.co.kr/shop/wproduct.aspx?ItemId=327499625
예술과 메타버스의 만남,,2023.10.01,유원준,커뮤니케이션북스,https://www.aladin.co.kr/shop/wproduct.aspx?ItemId=327499424
인공지능 앞에 선 CEO,,2024.01.01,노규성,커뮤니케이션북스,https://www.aladin.co.kr/shop/wproduct.aspx?ItemId=333005368
학교로 들어간 AI,,2024.01.01,이영희,커뮤니케이션북스,https://www.aladin.co.kr/shop/wproduct.aspx?ItemId=332998434
AI 공감 대화,,2024.01.01,정유남&&박혜숙,커뮤니케이션북스,https://www.aladin.co.kr/shop/wproduct.aspx?ItemId=332865956
야구와 AI,,2024.03.01,이승환,커뮤니케이션북스,https://www.aladin.co.kr/shop/wproduct.aspx?ItemId=335845548
디지털 신호 처리,,2024.01.01,John G.Proakis&&Dimitris G. Manolakis,프로텍미디어,https://www.aladin.co.kr/shop/wproduct.aspx?ItemId=331653765
개발이 재미있는 플러터 앱 프로그래밍,,2023.08.01,서경숙&&김주아&&윤지상&&염채은,프리렉,https://www.aladin.co.kr/shop/wproduct.aspx?ItemId=321813027
챗GPT로 완성하는 엑셀 업무 자동화 with MS 파워 오토메이트,,2023.09.01,김성준,프리렉,https://www.aladin.co.kr/shop/wproduct.aspx?ItemId=324725673
"챗GPT 충격, 생성형 AI와 교육의 미래",,2023.09.01,김용성,프리렉,https://www.aladin.co.kr/shop/wproduct.aspx?ItemId=323413440
"빅데이터 시대, 잘 먹고 잘 사는 현대인의 필수 교양 정보 문해력",,2023.09.01,로스 도슨,프리렉,https://www.aladin.co.kr/shop/wproduct.aspx?ItemId=323368626
"MYSQL을 더 빠르게, 성능 최적화 선택과 집중",,2023.10.01,대니얼 니히터,프리렉,https://www.aladin.co.kr/shop/wproduct.aspx?ItemId=327269587
한 권으로 끝내는 소프트 스킬 10: 스펙보다 대세는 일머리,,2023.11.01,라제쉬 스리바스타바,프리렉,https://www.aladin.co.kr/shop/wproduct.aspx?ItemId=329228943
연구대회 바이블,,2023.11.01,김태령&&송해남&&이정원&&임지은&&조수진&&주민환,프리렉,https://www.aladin.co.kr/shop/wproduct.aspx?ItemId=329203497
"데이터에서 비즈니스 성과로, BI를 위한 대시보드 설계와 구축",,2024.01.01,이케다 슌스케&&후지이 아츠코&&사쿠라이 마사노부&&하나오카 아키라,프리렉,https://www.aladin.co.kr/shop/wproduct.aspx?ItemId=332268304
클라우드X보안 실무 가이드,,2024.03.01,황치하&&양지언,프리렉,https://www.aladin.co.kr/shop/wproduct.aspx?ItemId=336724390
"생각한 대로 말할 수 없어 답답했던 개발자를 위한 생각의 정리, 문서 작성법",,2024.05.01,카이마이 미즈히로,프리렉,https://www.aladin.co.kr/shop/wproduct.aspx?ItemId=339215278
기계의 반칙,,2023.11.01,넬로 크리스티아니니,한빛미디어,https://www.aladin.co.kr/shop/wproduct.aspx?ItemId=329514900
Release의 모든 것,,2023.11.01,마이클 나이가드,한빛미디어,https://www.aladin.co.kr/shop/wproduct.aspx?ItemId=329254887
신비로운 전자부품 매크로 포토그래피,,2023.11.01,윈델 H. 오스케이&&에릭 슐래퍼,한빛미디어,https://www.aladin.co.kr/shop/wproduct.aspx?ItemId=329040952
헤드 퍼스트 C#,,2023.11.01,앤드류 스텔만&&제니퍼 그린,한빛미디어,https://www.aladin.co.kr/shop/wproduct.aspx?ItemId=328820307
업의 그릇,,2023.11.01,김동석,한빛미디어,https://www.aladin.co.kr/shop/wproduct.aspx?ItemId=328073800
컴퓨터 시스템 딥 다이브,,2023.12.01,수잰 J. 매슈스&&티아 뉴홀&&케빈 C. 웹,한빛미디어,https://www.aladin.co.kr/shop/wproduct.aspx?ItemId=331017733
GPT-4를 활용한 인공지능 앱 개발,,2023.12.01,올리비에 케일린&&마리-알리스 블레트,한빛미디어,https://www.aladin.co.kr/shop/wproduct.aspx?ItemId=330650286
요즘 개발자,,2023.12.01,임동준&&고예슬,한빛미디어,https://www.aladin.co.kr/shop/wproduct.aspx?ItemId=330426327
소플의 처음 만난 리액트,,2023.12.01,이인제,한빛미디어,https://www.aladin.co.kr/shop/wproduct.aspx?ItemId=329658675
머신러닝 엔지니어링 인 액션,,2023.12.01,벤 윌슨,한빛미디어,https://www.aladin.co.kr/shop/wproduct.aspx?ItemId=329711098
데이터 메시,,2023.12.01,세막 데그하니,한빛미디어,https://www.aladin.co.kr/shop/wproduct.aspx?ItemId=329561366
러닝 레이,,2024.01.01,막스 펌펄라&&에드워드 옥스&&리차드 리우,한빛미디어,https://www.aladin.co.kr/shop/wproduct.aspx?ItemId=333005617
러스트 동시성 프로그래밍,,2024.01.01,마라 보스,한빛미디어,https://www.aladin.co.kr/shop/wproduct.aspx?ItemId=332761260
밑바닥부터 시작하는 딥러닝 4,,2024.01.01,사이토 고키,한빛미디어,https://www.aladin.co.kr/shop/wproduct.aspx?ItemId=332558447
따라 하며 배우는 언리얼 엔진 5 입문,,2024.01.01,쇼다 츠야노,한빛미디어,https://www.aladin.co.kr/shop/wproduct.aspx?ItemId=332434237
개발자를 위한 최소한의 실무 지식,,2024.01.01,김현정&&이재효,한빛미디어,https://www.aladin.co.kr/shop/wproduct.aspx?ItemId=332440160
이것이 취업을 위한 백엔드 개발이다 with 자바,,2024.01.01,이준형,한빛미디어,https://www.aladin.co.kr/shop/wproduct.aspx?ItemId=331587042
You Don’t Know JS Yet,,2024.01.01,카일 심슨,한빛미디어,https://www.aladin.co.kr/shop/wproduct.aspx?ItemId=331431744
헤드 퍼스트 자바,,2024.01.01,캐시 시에라&&버트 베이츠&&트리샤 지,한빛미디어,https://www.aladin.co.kr/shop/wproduct.aspx?ItemId=331021617
프로덕트 매니지먼트의 기술,,2024.01.01,맷 르메이,한빛미디어,https://www.aladin.co.kr/shop/wproduct.aspx?ItemId=330805986
LEAN HR: 당신의 스타트업은 안녕하십니까,,2024.02.01,이용훈,한빛미디어,https://www.aladin.co.kr/shop/wproduct.aspx?ItemId=333648934
딥러닝의 정석,,2024.02.01,니틴 부두마&&니킬 부두마&&조 파파,한빛미디어,https://www.aladin.co.kr/shop/wproduct.aspx?ItemId=332897107
혼자 공부하는 자바,,2024.02.01,신용권,한빛미디어,https://www.aladin.co.kr/shop/wproduct.aspx?ItemId=333236426
쉽고 빠르게 익히는 실전 LLM,,2024.02.01,시난 오즈데미르,한빛미디어,https://www.aladin.co.kr/shop/wproduct.aspx?ItemId=332799587
그림으로 배우는 스프링 6 입문,,2024.03.01,토키 코헤이,한빛미디어,https://www.aladin.co.kr/shop/wproduct.aspx?ItemId=336439121
함수형 프로그래밍 with 자바,,2024.03.01,벤 바이디히,한빛미디어,https://www.aladin.co.kr/shop/wproduct.aspx?ItemId=336642652
개발자 기술 면접 노트,,2024.03.01,이남희,한빛미디어,https://www.aladin.co.kr/shop/wproduct.aspx?ItemId=336470810
챗GPT API를 활용한 챗봇 만들기,,2024.03.01,이승우,한빛미디어,https://www.aladin.co.kr/shop/wproduct.aspx?ItemId=336542885
인사이드 머신러닝 인터뷰,,2024.03.01,펑 샤오,한빛미디어,https://www.aladin.co.kr/shop/wproduct.aspx?ItemId=335625977
스타트업 서바이벌,,2024.03.01,이은영&&이규원,한빛미디어,https://www.aladin.co.kr/shop/wproduct.aspx?ItemId=335289657
게임 AI를 위한 탐색 알고리즘 입문,,2024.03.01,아오키 에이타,한빛미디어,https://www.aladin.co.kr/shop/wproduct.aspx?ItemId=335345128
실무로 통하는 인과추론 with 파이썬,,2024.03.01,마테우스 파쿠레,한빛미디어,https://www.aladin.co.kr/shop/wproduct.aspx?ItemId=335177841
한 권으로 끝내는 이미지 생성 AI with 미드저니,,2024.03.01,헤더림(임혜린)&&백승호,한빛미디어,https://www.aladin.co.kr/shop/wproduct.aspx?ItemId=334938516
멀티모달 생성 AI 인사이드,,2024.03.01,홍정한&&변형균,한빛미디어,https://www.aladin.co.kr/shop/wproduct.aspx?ItemId=335121493
혼자 공부하는 첫 프로그래밍 with 파이썬,,2024.04.01,문현일,한빛미디어,https://www.aladin.co.kr/shop/wproduct.aspx?ItemId=337111805
완성된 웹사이트로 배우는 자바스크립트,,2024.04.01,Mana,한빛미디어,https://www.aladin.co.kr/shop/wproduct.aspx?ItemId=336869042
이것이 자바다 세트 - 전2권,,2024.04.01,신용권&&임경균,한빛미디어,https://www.aladin.co.kr/shop/wproduct.aspx?ItemId=336982990
혼자 공부하는 네트워크,,2024.04.01,강민철,한빛미디어,https://www.aladin.co.kr/shop/wproduct.aspx?ItemId=337483817
더 나은 프로그래머 되는 법,,2024.04.01,피트 구들리프,한빛미디어,https://www.aladin.co.kr/shop/wproduct.aspx?ItemId=338376365
한 권으로 배우는 도커 & 쿠버네티스,,2024.04.01,장철원,한빛미디어,https://www.aladin.co.kr/shop/wproduct.aspx?ItemId=338403158
실무로 통하는 ML 문제 해결 with 파이썬,,2024.04.01,카일 갤러틴&&크리스 알본,한빛미디어,https://www.aladin.co.kr/shop/wproduct.aspx?ItemId=338221406
개발자를 위한 커리어 관리 핸드북,,2024.04.01,마이클 롭,한빛미디어,https://www.aladin.co.kr/shop/wproduct.aspx?ItemId=338122028
켄트 벡의 Tidy First? 세트 - 전2권,,2024.04.01,켄트 벡,한빛미디어,https://www.aladin.co.kr/shop/wproduct.aspx?ItemId=337084402
머신러닝 리스크 관리 with 파이썬,,2024.05.01,패트릭 홀&&제임스 커티스&&파룰 판데이,한빛미디어,https://www.aladin.co.kr/shop/wproduct.aspx?ItemId=338988165
